"../../../Engine/Plugins/Animation/ACLPlugin/Content/ACLAnimBoneCompressionSettings.uexp" 0
"../../../Engine/Plugins/Animation/ACLPlugin/Content/ACLAnimBoneCompressionSettings.uasset" 1
"../../../Engine/Plugins/2D/Paper2D/Content/PlaceholderTextures/DummySpriteTexture.ubulk" 2
"../../../Engine/Plugins/2D/Paper2D/Content/PlaceholderTextures/DummySpriteTexture.uexp" 3
"../../../Engine/Plugins/2D/Paper2D/Content/PlaceholderTextures/DummySpriteTexture.uasset" 4
"../../../Engine/Plugins/2D/Paper2D/Content/DummySprite.uasset" 5
"../../../Engine/Plugins/2D/Paper2D/Content/DummySprite.uexp" 6
"../../../Engine/Plugins/2D/Paper2D/Content/DefaultPaperTerrainMaterial.uexp" 7
"../../../Engine/Plugins/2D/Paper2D/Content/DefaultPaperTerrainMaterial.uasset" 8
"../../../Engine/Plugins/Interchange/Runtime/Content/Pipelines/DefaultGLTFPipeline.uexp" 9
"../../../Engine/Plugins/Interchange/Runtime/Content/Pipelines/DefaultGLTFPipeline.uasset" 10
"../../../Engine/Plugins/Interchange/Runtime/Content/Pipelines/DefaultGLTFAssetsPipeline.uexp" 11
"../../../Engine/Plugins/Interchange/Runtime/Content/Pipelines/DefaultGLTFAssetsPipeline.uasset" 12
"../../../Engine/Plugins/Interchange/Runtime/Content/Pipelines/DefaultAssetsPipeline.uexp" 13
"../../../Engine/Plugins/Interchange/Runtime/Content/Pipelines/DefaultAssetsPipeline.uasset" 14
"../../../Engine/Plugins/Interchange/Runtime/Content/Pipelines/DefaultSceneLevelPipeline.uexp" 15
"../../../Engine/Plugins/Interchange/Runtime/Content/Pipelines/DefaultSceneLevelPipeline.uasset" 16
"../../../Engine/Plugins/Interchange/Runtime/Content/Pipelines/DefaultMaterialXPipeline.uexp" 17
"../../../Engine/Plugins/Interchange/Runtime/Content/Pipelines/DefaultMaterialXPipeline.uasset" 18
"../../../Engine/Plugins/Interchange/Runtime/Content/Pipelines/DefaultSceneAssetsPipeline.uasset" 19
"../../../Engine/Plugins/Interchange/Runtime/Content/Pipelines/DefaultSceneAssetsPipeline.uexp" 20
"../../../Engine/Plugins/Interchange/Runtime/Content/Pipelines/DefaultMaterialPipeline.uasset" 21
"../../../Engine/Plugins/Interchange/Runtime/Content/Pipelines/DefaultMaterialPipeline.uexp" 22
"../../../Engine/Plugins/Interchange/Runtime/Content/Pipelines/DefaultGLTFSceneAssetsPipeline.uexp" 23
"../../../Engine/Plugins/Interchange/Runtime/Content/Pipelines/DefaultGLTFSceneAssetsPipeline.uasset" 24
"../../../Engine/Plugins/Interchange/Runtime/Content/Pipelines/DefaultTexturePipeline.uasset" 25
"../../../Engine/Plugins/Interchange/Runtime/Content/Pipelines/DefaultTexturePipeline.uexp" 26
"../../../Engine/Content/EngineSounds/Master.uexp" 27
"../../../Engine/Content/EngineSounds/Master.uasset" 28
"../../../Engine/Content/EngineMaterials/DefaultPhysicalMaterial.uasset" 29
"../../../Engine/Content/EngineMaterials/DefaultPhysicalMaterial.uexp" 30
"../../../Engine/Content/EngineMaterials/DefaultDestructiblePhysicalMaterial.uasset" 31
"../../../Engine/Content/EngineMaterials/DefaultDestructiblePhysicalMaterial.uexp" 32
"../../../Engine/Content/EngineFonts/Faces/DroidSansFallback.uasset" 33
"../../../Engine/Content/EngineFonts/Faces/DroidSansFallback.ufont" 34
"../../../Engine/Content/EngineFonts/Faces/DroidSansFallback.uexp" 35
"../../../Engine/Content/EngineFonts/Faces/RobotoBold.ufont" 36
"../../../Engine/Content/EngineFonts/Faces/RobotoBold.uasset" 37
"../../../Engine/Content/EngineFonts/Faces/RobotoBold.uexp" 38
"../../../Engine/Content/EngineFonts/Faces/RobotoBoldItalic.uasset" 39
"../../../Engine/Content/EngineFonts/Faces/RobotoBoldItalic.uexp" 40
"../../../Engine/Content/EngineFonts/Faces/RobotoBoldItalic.ufont" 41
"../../../Engine/Content/EngineFonts/Faces/RobotoItalic.ufont" 42
"../../../Engine/Content/EngineFonts/Faces/RobotoItalic.uasset" 43
"../../../Engine/Content/EngineFonts/Faces/RobotoItalic.uexp" 44
"../../../Engine/Content/EngineFonts/Faces/RobotoLight.ufont" 45
"../../../Engine/Content/EngineFonts/Faces/RobotoLight.uasset" 46
"../../../Engine/Content/EngineFonts/Faces/RobotoLight.uexp" 47
"../../../Engine/Content/EngineFonts/Faces/RobotoRegular.uasset" 48
"../../../Engine/Content/EngineFonts/Faces/RobotoRegular.uexp" 49
"../../../Engine/Content/EngineFonts/Faces/RobotoRegular.ufont" 50
"../../../Engine/Content/EngineFonts/Roboto.uasset" 51
"../../../Engine/Content/EngineFonts/Roboto.uexp" 52
"../../../Engine/Content/EngineFonts/Faces/DroidSansMono.ufont" 53
"../../../Engine/Content/EngineFonts/Faces/DroidSansMono.uasset" 54
"../../../Engine/Content/EngineFonts/Faces/DroidSansMono.uexp" 55
"../../../Engine/Content/EngineFonts/DroidSansMono.uasset" 56
"../../../Engine/Content/EngineFonts/DroidSansMono.uexp" 57
"../../../Engine/Content/EngineResources/GradientTexture0.uexp" 58
"../../../Engine/Content/EngineResources/GradientTexture0.uasset" 59
"../../../Engine/Content/EngineResources/Black.uasset" 60
"../../../Engine/Content/EngineResources/Black.uexp" 61
"../../../Engine/Content/EditorResources/S_Actor.uexp" 62
"../../../Engine/Content/EditorResources/S_Actor.ubulk" 63
"../../../Engine/Content/EditorResources/S_Actor.uasset" 64
"../../../Engine/Content/EditorResources/S_Trigger.uexp" 65
"../../../Engine/Content/EditorResources/S_Trigger.ubulk" 66
"../../../Engine/Content/EditorResources/S_Trigger.uasset" 67
"../../../Engine/Content/EditorResources/S_BoxReflectionCapture.uasset" 68
"../../../Engine/Content/EditorResources/S_BoxReflectionCapture.uexp" 69
"../../../Engine/Content/EditorResources/S_TriggerBox.uexp" 70
"../../../Engine/Content/EditorResources/S_TriggerBox.uasset" 71
"../../../Engine/Content/EditorResources/S_TriggerCapsule.uexp" 72
"../../../Engine/Content/EditorResources/S_TriggerCapsule.uasset" 73
"../../../Engine/Content/EditorResources/S_TriggerSphere.uasset" 74
"../../../Engine/Content/EditorResources/S_TriggerSphere.uexp" 75
"../../../Engine/Content/EngineMeshes/Sphere.uexp" 76
"../../../Engine/Content/EngineMeshes/Sphere.ubulk" 77
"../../../Engine/Content/EngineMeshes/Sphere.uasset" 78
"../../../Engine/Content/EngineResources/DefaultTextureCube.uasset" 79
"../../../Engine/Content/EngineResources/DefaultTextureCube.uexp" 80
"../../../Engine/Plugins/NNE/NNEDenoiser/Content/NNE_oidn2-3-0_rt_hdr_calb_cnrm_large__dyn__fp16_opset11_DenoiseAlpha.uexp" 81
"../../../Engine/Plugins/NNE/NNEDenoiser/Content/NNE_oidn2-3-0_rt_hdr_calb_cnrm_large__dyn__fp16_opset11_DenoiseAlpha.uasset" 82
"../../../Engine/Plugins/NNE/NNEDenoiser/Content/NNEDTOM_Output_Default.uexp" 83
"../../../Engine/Plugins/NNE/NNEDenoiser/Content/NNEDTOM_Output_Default.uasset" 84
"../../../Engine/Plugins/NNE/NNEDenoiser/Content/NNE_oidn2-3-0_rt_hdr_alb_nrm_small__dyn__fp16_opset11_ForwardAlpha.uexp" 85
"../../../Engine/Plugins/NNE/NNEDenoiser/Content/NNE_oidn2-3-0_rt_hdr_alb_nrm_small__dyn__fp16_opset11_ForwardAlpha.uasset" 86
"../../../Engine/Plugins/NNE/NNEDenoiser/Content/NNEDTOM_Output_Alpha.uexp" 87
"../../../Engine/Plugins/NNE/NNEDenoiser/Content/NNEDTOM_Output_Alpha.uasset" 88
"../../../Engine/Plugins/NNE/NNEDenoiser/Content/NNE_oidn2-3-0_rt_hdr_alb_nrm__dyn__fp16_opset11_DenoiseAlpha.uexp" 89
"../../../Engine/Plugins/NNE/NNEDenoiser/Content/NNE_oidn2-3-0_rt_hdr_alb_nrm__dyn__fp16_opset11_DenoiseAlpha.uasset" 90
"../../../Engine/Plugins/NNE/NNEDenoiser/Content/NNEDIM_HighQuality_Default.uexp" 91
"../../../Engine/Plugins/NNE/NNEDenoiser/Content/NNEDIM_HighQuality_Default.uasset" 92
"../../../Engine/Plugins/NNE/NNEDenoiser/Content/NNEDTIM_ColorAlbedoNormal_Alpha.uexp" 93
"../../../Engine/Plugins/NNE/NNEDenoiser/Content/NNEDTIM_ColorAlbedoNormal_Alpha.uasset" 94
"../../../Engine/Plugins/NNE/NNEDenoiser/Content/NNEDIM_ColorAlbedoNormal_Alpha.uasset" 95
"../../../Engine/Plugins/NNE/NNEDenoiser/Content/NNEDIM_ColorAlbedoNormal_Alpha.uexp" 96
"../../../Engine/Plugins/NNE/NNEDenoiser/Content/NNEDOM_Output_Alpha.uasset" 97
"../../../Engine/Plugins/NNE/NNEDenoiser/Content/NNEDOM_Output_Alpha.uexp" 98
"../../../Engine/Plugins/NNE/NNEDenoiser/Content/NNE_oidn2-3-0_rt_hdr_alb_nrm__dyn__fp16_opset11_ForwardAlpha.uasset" 99
"../../../Engine/Plugins/NNE/NNEDenoiser/Content/NNE_oidn2-3-0_rt_hdr_alb_nrm__dyn__fp16_opset11_ForwardAlpha.uexp" 100
"../../../Engine/Plugins/NNE/NNEDenoiser/Content/NNEDOM_Output_Default.uasset" 101
"../../../Engine/Plugins/NNE/NNEDenoiser/Content/NNEDOM_Output_Default.uexp" 102
"../../../Engine/Plugins/NNE/NNEDenoiser/Content/NNEDIM_ColorAlbedoNormal_Default.uexp" 103
"../../../Engine/Plugins/NNE/NNEDenoiser/Content/NNEDIM_ColorAlbedoNormal_Default.uasset" 104
"../../../Engine/Plugins/NNE/NNEDenoiser/Content/NNE_oidn2-3-0_rt_hdr_calb_cnrm_large__dyn__fp16_opset11_ForwardAlpha.uasset" 105
"../../../Engine/Plugins/NNE/NNEDenoiser/Content/NNE_oidn2-3-0_rt_hdr_calb_cnrm_large__dyn__fp16_opset11_ForwardAlpha.uexp" 106
"../../../Engine/Plugins/NNE/NNEDenoiser/Content/NNEDTIM_ColorAlbedoNormal_Default.uasset" 107
"../../../Engine/Plugins/NNE/NNEDenoiser/Content/NNEDTIM_ColorAlbedoNormal_Default.uexp" 108
"../../../Engine/Plugins/NNE/NNEDenoiser/Content/NNE_oidn2-3-0_rt_hdr_alb_nrm_small__dyn__fp16_opset11_DenoiseAlpha.uasset" 109
"../../../Engine/Plugins/NNE/NNEDenoiser/Content/NNE_oidn2-3-0_rt_hdr_alb_nrm_small__dyn__fp16_opset11_DenoiseAlpha.uexp" 110
"../../../Engine/Plugins/NNE/NNEDenoiser/Content/NNEDIM_HighQuality_Alpha.uasset" 111
"../../../Engine/Plugins/NNE/NNEDenoiser/Content/NNEDIM_HighQuality_Alpha.uexp" 112
"../../../Engine/Content/EngineMaterials/T_Default_Material_Grid_M.uasset" 113
"../../../Engine/Content/EngineMaterials/T_Default_Material_Grid_M.ubulk" 114
"../../../Engine/Content/EngineMaterials/T_Default_Material_Grid_M.uexp" 115
"../../../Engine/Content/EngineMaterials/T_Default_Material_Grid_N.uasset" 116
"../../../Engine/Content/EngineMaterials/T_Default_Material_Grid_N.uexp" 117
"../../../Engine/Content/EngineMaterials/T_Default_Material_Grid_N.ubulk" 118
"../../../Engine/Content/Functions/Engine_MaterialFunctions01/Opacity/CameraDepthFade.uexp" 119
"../../../Engine/Content/Functions/Engine_MaterialFunctions01/Opacity/CameraDepthFade.uasset" 120
"../../../Engine/Content/EngineMaterials/WorldGridMaterial.uexp" 121
"../../../Engine/Content/EngineMaterials/WorldGridMaterial.uasset" 122
"../../../Engine/Plugins/Media/MediaPlate/Content/SM_MediaPlateScreen.ubulk" 123
"../../../Engine/Plugins/Media/MediaPlate/Content/SM_MediaPlateScreen.uasset" 124
"../../../Engine/Plugins/Media/MediaPlate/Content/SM_MediaPlateScreen.uexp" 125
"../../../Engine/Content/Functions/Engine_MaterialFunctions02/WorldPositionOffset/CameraOffset.uexp" 126
"../../../Engine/Content/Functions/Engine_MaterialFunctions02/WorldPositionOffset/CameraOffset.uasset" 127
"../../../Engine/Plugins/Animation/ControlRig/Content/M_Manip.uasset" 128
"../../../Engine/Plugins/Animation/ControlRig/Content/M_Manip.uexp" 129
"../../../Engine/Plugins/2D/Paper2D/Content/DefaultSpriteMaterial.uexp" 130
"../../../Engine/Plugins/2D/Paper2D/Content/DefaultSpriteMaterial.uasset" 131
"../../../Engine/Plugins/2D/Paper2D/Content/MaskedUnlitSpriteMaterial.uexp" 132
"../../../Engine/Plugins/2D/Paper2D/Content/MaskedUnlitSpriteMaterial.uasset" 133
"../../../Engine/Plugins/2D/Paper2D/Content/OpaqueUnlitSpriteMaterial.uasset" 134
"../../../Engine/Plugins/2D/Paper2D/Content/OpaqueUnlitSpriteMaterial.uexp" 135
"../../../Engine/Content/EngineMaterials/DefaultMaterial.uasset" 136
"../../../Engine/Content/EngineMaterials/DefaultMaterial.uexp" 137
"../../../Engine/Content/BasicShapes/Sphere.uexp" 138
"../../../Engine/Content/BasicShapes/Sphere.ubulk" 139
"../../../Engine/Content/BasicShapes/Sphere.uasset" 140
"../../../Engine/Content/BasicShapes/Cone.uasset" 141
"../../../Engine/Content/BasicShapes/Cone.uexp" 142
"../../../Engine/Content/BasicShapes/Cone.ubulk" 143
"../../../Engine/Plugins/VirtualProduction/CameraCalibrationCore/Content/Materials/M_DefaultEvenSquare.uexp" 144
"../../../Engine/Plugins/VirtualProduction/CameraCalibrationCore/Content/Materials/M_DefaultEvenSquare.uasset" 145
"../../../Engine/Plugins/VirtualProduction/CameraCalibrationCore/Content/Materials/M_DefaultOddSquare.uasset" 146
"../../../Engine/Plugins/VirtualProduction/CameraCalibrationCore/Content/Materials/M_DefaultOddSquare.uexp" 147
"../../../Engine/Plugins/Runtime/HairStrands/Content/Materials/HairCardsDefaultMaterial.uexp" 148
"../../../Engine/Plugins/Runtime/HairStrands/Content/Materials/HairCardsDefaultMaterial.uasset" 149
"../../../Engine/Content/Functions/Engine_MaterialFunctions02/Utility/MakeFloat2.uexp" 150
"../../../Engine/Content/Functions/Engine_MaterialFunctions02/Utility/MakeFloat2.uasset" 151
"../../../Engine/Content/Functions/Engine_MaterialFunctions02/Utility/MakeFloat3.uexp" 152
"../../../Engine/Content/Functions/Engine_MaterialFunctions02/Utility/MakeFloat3.uasset" 153
"../../../Engine/Plugins/Runtime/HairStrands/Content/Materials/HairGroupColors.uexp" 154
"../../../Engine/Plugins/Runtime/HairStrands/Content/Materials/HairGroupColors.uasset" 155
"../../../Engine/Content/EngineMaterials/HairColorMap.uasset" 156
"../../../Engine/Content/EngineMaterials/HairColorMap.uexp" 157
"../../../Engine/Content/EngineMaterials/HairDebugColor.uexp" 158
"../../../Engine/Content/EngineMaterials/HairDebugColor.uasset" 159
"../../../Engine/Plugins/Runtime/HairStrands/Content/Materials/HairDebugMaterial.uexp" 160
"../../../Engine/Plugins/Runtime/HairStrands/Content/Materials/HairDebugMaterial.uasset" 161
"../../../Engine/Plugins/Runtime/HairStrands/Content/Materials/HairDefaultMaterial.uasset" 162
"../../../Engine/Plugins/Runtime/HairStrands/Content/Materials/HairDefaultMaterial.uexp" 163
"../../../Engine/Plugins/Runtime/HairStrands/Content/Materials/HairMeshesDefaultMaterial.uasset" 164
"../../../Engine/Plugins/Runtime/HairStrands/Content/Materials/HairMeshesDefaultMaterial.uexp" 165
"../../../Engine/Plugins/Runtime/AudioWidgets/Content/Resources/ScrubHandleDown_Clamped.uasset" 166
"../../../Engine/Plugins/Runtime/AudioWidgets/Content/Resources/ScrubHandleDown_Clamped.uexp" 167
"../../../Engine/Plugins/Interchange/Assets/Content/Functions/MX_Displacement.uexp" 168
"../../../Engine/Plugins/Interchange/Assets/Content/Functions/MX_Displacement.uasset" 169
"../../../Engine/Plugins/Interchange/Assets/Content/Functions/MX_GeneralizedSchlickBSDF.uexp" 170
"../../../Engine/Plugins/Interchange/Assets/Content/Functions/MX_GeneralizedSchlickBSDF.uasset" 171
"../../../Engine/Plugins/Interchange/Assets/Content/Functions/MX_UniformEDF.uexp" 172
"../../../Engine/Plugins/Interchange/Assets/Content/Functions/MX_UniformEDF.uasset" 173
"../../../Engine/Plugins/Interchange/Assets/Content/Functions/MX_Surface.uexp" 174
"../../../Engine/Plugins/Interchange/Assets/Content/Functions/MX_Surface.uasset" 175
"../../../Engine/Plugins/Interchange/Assets/Content/Functions/MX_SurfaceUnlit.uasset" 176
"../../../Engine/Plugins/Interchange/Assets/Content/Functions/MX_SurfaceUnlit.uexp" 177
"../../../Engine/Plugins/Interchange/Assets/Content/Functions/MX_ConductorBSDF.uexp" 178
"../../../Engine/Plugins/Interchange/Assets/Content/Functions/MX_ConductorBSDF.uasset" 179
"../../../Engine/Plugins/Interchange/Assets/Content/Functions/MF_IridescenceNoLUT.uexp" 180
"../../../Engine/Plugins/Interchange/Assets/Content/Functions/MF_IridescenceNoLUT.uasset" 181
"../../../Engine/Plugins/Interchange/Assets/Content/Functions/MX_StandardSurface.uasset" 182
"../../../Engine/Plugins/Interchange/Assets/Content/Functions/MX_StandardSurface.uexp" 183
"../../../Engine/Plugins/Interchange/Assets/Content/Functions/MX_OpenPBR_Opaque.uexp" 184
"../../../Engine/Plugins/Interchange/Assets/Content/Functions/MX_OpenPBR_Opaque.uasset" 185
"../../../Engine/Plugins/Interchange/Assets/Content/Functions/MX_UsdPreviewSurface.uexp" 186
"../../../Engine/Plugins/Interchange/Assets/Content/Functions/MX_UsdPreviewSurface.uasset" 187
"../../../Engine/Plugins/Interchange/Assets/Content/Functions/MX_TranslucentBSDF.uasset" 188
"../../../Engine/Plugins/Interchange/Assets/Content/Functions/MX_TranslucentBSDF.uexp" 189
"../../../Engine/Plugins/Interchange/Assets/Content/Functions/MX_AnisotropicVDF.uexp" 190
"../../../Engine/Plugins/Interchange/Assets/Content/Functions/MX_AnisotropicVDF.uasset" 191
"../../../Engine/Plugins/Interchange/Assets/Content/Functions/MX_SheenBSDF.uexp" 192
"../../../Engine/Plugins/Interchange/Assets/Content/Functions/MX_SheenBSDF.uasset" 193
"../../../Engine/Plugins/Interchange/Assets/Content/Functions/MX_SubsurfaceBSDF.uexp" 194
"../../../Engine/Plugins/Interchange/Assets/Content/Functions/MX_SubsurfaceBSDF.uasset" 195
"../../../Engine/Plugins/Interchange/Assets/Content/Functions/MX_ConicalEDF.uasset" 196
"../../../Engine/Plugins/Interchange/Assets/Content/Functions/MX_ConicalEDF.uexp" 197
"../../../Engine/Plugins/Interchange/Assets/Content/Functions/MX_MeasuredEDF.uasset" 198
"../../../Engine/Plugins/Interchange/Assets/Content/Functions/MX_MeasuredEDF.uexp" 199
"../../../Engine/Plugins/Interchange/Assets/Content/Functions/MX_BurleyDiffuseBSDF.uasset" 200
"../../../Engine/Plugins/Interchange/Assets/Content/Functions/MX_BurleyDiffuseBSDF.uexp" 201
"../../../Engine/Plugins/Interchange/Assets/Content/Functions/MX_DielectricBSDF.uasset" 202
"../../../Engine/Plugins/Interchange/Assets/Content/Functions/MX_DielectricBSDF.uexp" 203
"../../../Engine/Plugins/Interchange/Assets/Content/Functions/MX_AbsorptionVDF.uasset" 204
"../../../Engine/Plugins/Interchange/Assets/Content/Functions/MX_AbsorptionVDF.uexp" 205
"../../../Engine/Plugins/Interchange/Assets/Content/Functions/MX_OrenNayarBSDF.uasset" 206
"../../../Engine/Plugins/Interchange/Assets/Content/Functions/MX_OrenNayarBSDF.uexp" 207
"../../../Engine/Plugins/Interchange/Assets/Content/Functions/MX_ThinFilmBSDF.uasset" 208
"../../../Engine/Plugins/Interchange/Assets/Content/Functions/MX_ThinFilmBSDF.uexp" 209
"../../../Engine/Plugins/Interchange/Assets/Content/Functions/MX_TransmissionSurface.uexp" 210
"../../../Engine/Plugins/Interchange/Assets/Content/Functions/MX_TransmissionSurface.uasset" 211
"../../../Engine/Plugins/Interchange/Assets/Content/Functions/MX_OpenPBR_Translucent.uasset" 212
"../../../Engine/Plugins/Interchange/Assets/Content/Functions/MX_OpenPBR_Translucent.uexp" 213
"../../../Engine/Content/Functions/Engine_MaterialFunctions02/Utility/VectorLength.uexp" 214
"../../../Engine/Content/Functions/Engine_MaterialFunctions02/Utility/VectorLength.uasset" 215
"../../../Engine/Content/Functions/Engine_MaterialFunctions02/WorldPositionOffset/ObjectScale.uexp" 216
"../../../Engine/Content/Functions/Engine_MaterialFunctions02/WorldPositionOffset/ObjectScale.uasset" 217
"../../../Engine/Content/Functions/Engine_MaterialFunctions02/Utility/BreakOutFloat3Components.uasset" 218
"../../../Engine/Content/Functions/Engine_MaterialFunctions02/Utility/BreakOutFloat3Components.uexp" 219
"../../../Engine/Content/Functions/Engine_MaterialFunctions02/SafeNormalize.uasset" 220
"../../../Engine/Content/Functions/Engine_MaterialFunctions02/SafeNormalize.uexp" 221
"../../../Engine/Plugins/Editor/SpeedTreeImporter/Content/SpeedTree9/game_wind_noise.uexp" 222
"../../../Engine/Plugins/Editor/SpeedTreeImporter/Content/SpeedTree9/game_wind_noise.uasset" 223
"../../../Engine/Plugins/Editor/SpeedTreeImporter/Content/SpeedTree9/game_wind_noise.ubulk" 224
"../../../Engine/Plugins/Editor/SpeedTreeImporter/Content/SpeedTree9/SpeedTreeWindMotion.uexp" 225
"../../../Engine/Plugins/Editor/SpeedTreeImporter/Content/SpeedTree9/SpeedTreeWindMotion.uasset" 226
"../../../Engine/Plugins/Editor/SpeedTreeImporter/Content/SpeedTree9/UnpackInteger3.uexp" 227
"../../../Engine/Plugins/Editor/SpeedTreeImporter/Content/SpeedTree9/UnpackInteger3.uasset" 228
"../../../Engine/Plugins/Editor/SpeedTreeImporter/Content/SpeedTree9/UnpackDirection.uexp" 229
"../../../Engine/Plugins/Editor/SpeedTreeImporter/Content/SpeedTree9/UnpackDirection.uasset" 230
"../../../Engine/Plugins/Editor/SpeedTreeImporter/Content/SpeedTree9/SpeedTreeBranchMotion.uexp" 231
"../../../Engine/Plugins/Editor/SpeedTreeImporter/Content/SpeedTree9/SpeedTreeBranchMotion.uasset" 232
"../../../Engine/Content/Functions/Engine_MaterialFunctions02/ObjectLocalBounds.uasset" 233
"../../../Engine/Content/Functions/Engine_MaterialFunctions02/ObjectLocalBounds.uexp" 234
"../../../Engine/Plugins/Editor/SpeedTreeImporter/Content/SpeedTree9/Empty.uasset" 235
"../../../Engine/Plugins/Editor/SpeedTreeImporter/Content/SpeedTree9/Empty.uexp" 236
"../../../Engine/Plugins/Editor/SpeedTreeImporter/Content/SpeedTree9/EmptyNormal.uasset" 237
"../../../Engine/Plugins/Editor/SpeedTreeImporter/Content/SpeedTree9/EmptyNormal.uexp" 238
"../../../Engine/Plugins/Editor/SpeedTreeImporter/Content/SpeedTree9/SpeedTreeCameraFacing.uasset" 239
"../../../Engine/Plugins/Editor/SpeedTreeImporter/Content/SpeedTree9/SpeedTreeCameraFacing.uexp" 240
"../../../Engine/Content/Functions/Engine_MaterialFunctions02/UVs/BoundingBoxBased_0-1_UVW.uexp" 241
"../../../Engine/Content/Functions/Engine_MaterialFunctions02/UVs/BoundingBoxBased_0-1_UVW.uasset" 242
"../../../Engine/Plugins/Editor/SpeedTreeImporter/Content/SpeedTree9/SpeedTreeWind.uasset" 243
"../../../Engine/Plugins/Editor/SpeedTreeImporter/Content/SpeedTree9/SpeedTreeWind.uexp" 244
"../../../Engine/Plugins/Editor/SpeedTreeImporter/Content/SpeedTree9/SpeedTreeMaster.uexp" 245
"../../../Engine/Plugins/Editor/SpeedTreeImporter/Content/SpeedTree9/SpeedTreeMaster.uasset" 246
"../../../Engine/Plugins/Editor/SpeedTreeImporter/Content/SpeedTree9/SpeedTreeBillboard.uexp" 247
"../../../Engine/Plugins/Editor/SpeedTreeImporter/Content/SpeedTree9/SpeedTreeBillboard.uasset" 248
"../../../Engine/Plugins/Editor/SpeedTreeImporter/Content/SpeedTree9/SpeedTreeBillboardMaster.uasset" 249
"../../../Engine/Plugins/Editor/SpeedTreeImporter/Content/SpeedTree9/SpeedTreeBillboardMaster.uexp" 250
"../../../Engine/Plugins/Animation/ControlRig/Content/Controls/ControlRig_Octagon_solid.uexp" 251
"../../../Engine/Plugins/Animation/ControlRig/Content/Controls/ControlRig_Octagon_solid.ubulk" 252
"../../../Engine/Plugins/Animation/ControlRig/Content/Controls/ControlRig_Octagon_solid.uasset" 253
"../../../Engine/Plugins/Animation/ControlRig/Content/Controls/ControlRig_Pyramid_solid.uexp" 254
"../../../Engine/Plugins/Animation/ControlRig/Content/Controls/ControlRig_Pyramid_solid.ubulk" 255
"../../../Engine/Plugins/Animation/ControlRig/Content/Controls/ControlRig_Pyramid_solid.uasset" 256
"../../../Engine/Plugins/Animation/ControlRig/Content/Controls/ControlRig_Wedge_solid.uexp" 257
"../../../Engine/Plugins/Animation/ControlRig/Content/Controls/ControlRig_Wedge_solid.ubulk" 258
"../../../Engine/Plugins/Animation/ControlRig/Content/Controls/ControlRig_Wedge_solid.uasset" 259
"../../../Engine/Plugins/Animation/ControlRig/Content/Controls/ControlRig_RoundedSquare_1mm.ubulk" 260
"../../../Engine/Plugins/Animation/ControlRig/Content/Controls/ControlRig_RoundedSquare_1mm.uexp" 261
"../../../Engine/Plugins/Animation/ControlRig/Content/Controls/ControlRig_RoundedSquare_1mm.uasset" 262
"../../../Engine/Plugins/Animation/ControlRig/Content/Controls/ControlRig_Star4_1mm.ubulk" 263
"../../../Engine/Plugins/Animation/ControlRig/Content/Controls/ControlRig_Star4_1mm.uexp" 264
"../../../Engine/Plugins/Animation/ControlRig/Content/Controls/ControlRig_Star4_1mm.uasset" 265
"../../../Engine/Plugins/Animation/ControlRig/Content/Controls/ControlRigXRayMaterial.uexp" 266
"../../../Engine/Plugins/Animation/ControlRig/Content/Controls/ControlRigXRayMaterial.uasset" 267
"../../../Engine/Plugins/Animation/ControlRig/Content/Controls/ControlRig_Hexagon_solid.ubulk" 268
"../../../Engine/Plugins/Animation/ControlRig/Content/Controls/ControlRig_Hexagon_solid.uexp" 269
"../../../Engine/Plugins/Animation/ControlRig/Content/Controls/ControlRig_Hexagon_solid.uasset" 270
"../../../Engine/Plugins/Animation/ControlRig/Content/Controls/ControlRig_Arrow_solid.ubulk" 271
"../../../Engine/Plugins/Animation/ControlRig/Content/Controls/ControlRig_Arrow_solid.uexp" 272
"../../../Engine/Plugins/Animation/ControlRig/Content/Controls/ControlRig_Arrow_solid.uasset" 273
"../../../Engine/Plugins/Animation/ControlRig/Content/Controls/ControlRig_Triangle_3mm.uasset" 274
"../../../Engine/Plugins/Animation/ControlRig/Content/Controls/ControlRig_Triangle_3mm.uexp" 275
"../../../Engine/Plugins/Animation/ControlRig/Content/Controls/ControlRig_Triangle_3mm.ubulk" 276
"../../../Engine/Plugins/Animation/ControlRig/Content/Controls/ControlRig_Box_solid.uasset" 277
"../../../Engine/Plugins/Animation/ControlRig/Content/Controls/ControlRig_Box_solid.ubulk" 278
"../../../Engine/Plugins/Animation/ControlRig/Content/Controls/ControlRig_Box_solid.uexp" 279
"../../../Engine/Plugins/Animation/ControlRig/Content/Controls/ControlRig_Wedge_3mm.uasset" 280
"../../../Engine/Plugins/Animation/ControlRig/Content/Controls/ControlRig_Wedge_3mm.ubulk" 281
"../../../Engine/Plugins/Animation/ControlRig/Content/Controls/ControlRig_Wedge_3mm.uexp" 282
"../../../Engine/Plugins/Animation/ControlRig/Content/Controls/ControlRig_HalfCircle_1mm.ubulk" 283
"../../../Engine/Plugins/Animation/ControlRig/Content/Controls/ControlRig_HalfCircle_1mm.uexp" 284
"../../../Engine/Plugins/Animation/ControlRig/Content/Controls/ControlRig_HalfCircle_1mm.uasset" 285
"../../../Engine/Plugins/Animation/ControlRig/Content/Controls/ControlRig_HalfCircle_solid.uexp" 286
"../../../Engine/Plugins/Animation/ControlRig/Content/Controls/ControlRig_HalfCircle_solid.ubulk" 287
"../../../Engine/Plugins/Animation/ControlRig/Content/Controls/ControlRig_HalfCircle_solid.uasset" 288
"../../../Engine/Plugins/Animation/ControlRig/Content/Controls/ControlRig_Arrow2_1mm.uexp" 289
"../../../Engine/Plugins/Animation/ControlRig/Content/Controls/ControlRig_Arrow2_1mm.ubulk" 290
"../../../Engine/Plugins/Animation/ControlRig/Content/Controls/ControlRig_Arrow2_1mm.uasset" 291
"../../../Engine/Plugins/Animation/ControlRig/Content/Controls/ControlRig_Octagon_3mm.uexp" 292
"../../../Engine/Plugins/Animation/ControlRig/Content/Controls/ControlRig_Octagon_3mm.ubulk" 293
"../../../Engine/Plugins/Animation/ControlRig/Content/Controls/ControlRig_Octagon_3mm.uasset" 294
"../../../Engine/Plugins/Animation/ControlRig/Content/Controls/ControlRig_Box_3mm.uexp" 295
"../../../Engine/Plugins/Animation/ControlRig/Content/Controls/ControlRig_Box_3mm.ubulk" 296
"../../../Engine/Plugins/Animation/ControlRig/Content/Controls/ControlRig_Box_3mm.uasset" 297
"../../../Engine/Plugins/Animation/ControlRig/Content/Controls/ControlRig_Sphere_1mm.uasset" 298
"../../../Engine/Plugins/Animation/ControlRig/Content/Controls/ControlRig_Sphere_1mm.uexp" 299
"../../../Engine/Plugins/Animation/ControlRig/Content/Controls/ControlRig_Sphere_1mm.ubulk" 300
"../../../Engine/Plugins/Animation/ControlRig/Content/Controls/ControlRig_Pyramid_3mm.uasset" 301
"../../../Engine/Plugins/Animation/ControlRig/Content/Controls/ControlRig_Pyramid_3mm.ubulk" 302
"../../../Engine/Plugins/Animation/ControlRig/Content/Controls/ControlRig_Pyramid_3mm.uexp" 303
"../../../Engine/Plugins/Animation/ControlRig/Content/Controls/ControlRig_QuarterCircle_3mm.ubulk" 304
"../../../Engine/Plugins/Animation/ControlRig/Content/Controls/ControlRig_QuarterCircle_3mm.uexp" 305
"../../../Engine/Plugins/Animation/ControlRig/Content/Controls/ControlRig_QuarterCircle_3mm.uasset" 306
"../../../Engine/Plugins/Animation/ControlRig/Content/Controls/ControlRig_Circle_1mm.ubulk" 307
"../../../Engine/Plugins/Animation/ControlRig/Content/Controls/ControlRig_Circle_1mm.uexp" 308
"../../../Engine/Plugins/Animation/ControlRig/Content/Controls/ControlRig_Circle_1mm.uasset" 309
"../../../Engine/Plugins/Animation/ControlRig/Content/Controls/ControlRig_RoundedTriangle_3mm.uasset" 310
"../../../Engine/Plugins/Animation/ControlRig/Content/Controls/ControlRig_RoundedTriangle_3mm.uexp" 311
"../../../Engine/Plugins/Animation/ControlRig/Content/Controls/ControlRig_RoundedTriangle_3mm.ubulk" 312
"../../../Engine/Plugins/Animation/ControlRig/Content/Controls/ControlRig_Triangle_solid.uasset" 313
"../../../Engine/Plugins/Animation/ControlRig/Content/Controls/ControlRig_Triangle_solid.ubulk" 314
"../../../Engine/Plugins/Animation/ControlRig/Content/Controls/ControlRig_Triangle_solid.uexp" 315
"../../../Engine/Plugins/Animation/ControlRig/Content/Controls/ControlRig_Diamond_1mm.uasset" 316
"../../../Engine/Plugins/Animation/ControlRig/Content/Controls/ControlRig_Diamond_1mm.uexp" 317
"../../../Engine/Plugins/Animation/ControlRig/Content/Controls/ControlRig_Diamond_1mm.ubulk" 318
"../../../Engine/Plugins/Animation/ControlRig/Content/Controls/ControlRig_Arrow2_solid.uasset" 319
"../../../Engine/Plugins/Animation/ControlRig/Content/Controls/ControlRig_Arrow2_solid.uexp" 320
"../../../Engine/Plugins/Animation/ControlRig/Content/Controls/ControlRig_Arrow2_solid.ubulk" 321
"../../../Engine/Plugins/Animation/ControlRig/Content/Controls/ControlRig_Arrow4_3mm.uasset" 322
"../../../Engine/Plugins/Animation/ControlRig/Content/Controls/ControlRig_Arrow4_3mm.ubulk" 323
"../../../Engine/Plugins/Animation/ControlRig/Content/Controls/ControlRig_Arrow4_3mm.uexp" 324
"../../../Engine/Plugins/Animation/ControlRig/Content/Controls/ControlRig_Hexagon_1mm.uasset" 325
"../../../Engine/Plugins/Animation/ControlRig/Content/Controls/ControlRig_Hexagon_1mm.uexp" 326
"../../../Engine/Plugins/Animation/ControlRig/Content/Controls/ControlRig_Hexagon_1mm.ubulk" 327
"../../../Engine/Plugins/Animation/ControlRig/Content/Controls/ControlRig_QuarterCircle_solid.uasset" 328
"../../../Engine/Plugins/Animation/ControlRig/Content/Controls/ControlRig_QuarterCircle_solid.ubulk" 329
"../../../Engine/Plugins/Animation/ControlRig/Content/Controls/ControlRig_QuarterCircle_solid.uexp" 330
"../../../Engine/Plugins/Animation/ControlRig/Content/Controls/ControlRig_Arrow_1mm.uasset" 331
"../../../Engine/Plugins/Animation/ControlRig/Content/Controls/ControlRig_Arrow_1mm.uexp" 332
"../../../Engine/Plugins/Animation/ControlRig/Content/Controls/ControlRig_Arrow_1mm.ubulk" 333
"../../../Engine/Plugins/Animation/ControlRig/Content/Controls/ControlRig_Square_1mm.ubulk" 334
"../../../Engine/Plugins/Animation/ControlRig/Content/Controls/ControlRig_Square_1mm.uexp" 335
"../../../Engine/Plugins/Animation/ControlRig/Content/Controls/ControlRig_Square_1mm.uasset" 336
"../../../Engine/Plugins/Animation/ControlRig/Content/Controls/ControlRig_Circle_solid.ubulk" 337
"../../../Engine/Plugins/Animation/ControlRig/Content/Controls/ControlRig_Circle_solid.uexp" 338
"../../../Engine/Plugins/Animation/ControlRig/Content/Controls/ControlRig_Circle_solid.uasset" 339
"../../../Engine/Plugins/Animation/ControlRig/Content/Controls/ControlRig_Arrow4_solid.uexp" 340
"../../../Engine/Plugins/Animation/ControlRig/Content/Controls/ControlRig_Arrow4_solid.uasset" 341
"../../../Engine/Plugins/Animation/ControlRig/Content/Controls/ControlRig_Arrow4_solid.ubulk" 342
"../../../Engine/Plugins/Animation/ControlRig/Content/Controls/ControlRig_RoundedSquare_solid.uexp" 343
"../../../Engine/Plugins/Animation/ControlRig/Content/Controls/ControlRig_RoundedSquare_solid.ubulk" 344
"../../../Engine/Plugins/Animation/ControlRig/Content/Controls/ControlRig_RoundedSquare_solid.uasset" 345
"../../../Engine/Plugins/Animation/ControlRig/Content/Controls/ControlRig_Star4_solid.uasset" 346
"../../../Engine/Plugins/Animation/ControlRig/Content/Controls/ControlRig_Star4_solid.uexp" 347
"../../../Engine/Plugins/Animation/ControlRig/Content/Controls/ControlRig_Star4_solid.ubulk" 348
"../../../Engine/Plugins/Animation/ControlRig/Content/Controls/ControlRig_Diamond_solid.uexp" 349
"../../../Engine/Plugins/Animation/ControlRig/Content/Controls/ControlRig_Diamond_solid.ubulk" 350
"../../../Engine/Plugins/Animation/ControlRig/Content/Controls/ControlRig_Diamond_solid.uasset" 351
"../../../Engine/Plugins/Animation/ControlRig/Content/Controls/ControlRig_Arrow2_3mm.uasset" 352
"../../../Engine/Plugins/Animation/ControlRig/Content/Controls/ControlRig_Arrow2_3mm.ubulk" 353
"../../../Engine/Plugins/Animation/ControlRig/Content/Controls/ControlRig_Arrow2_3mm.uexp" 354
"../../../Engine/Plugins/Animation/ControlRig/Content/Controls/ControlRig_Box_1mm.ubulk" 355
"../../../Engine/Plugins/Animation/ControlRig/Content/Controls/ControlRig_Box_1mm.uexp" 356
"../../../Engine/Plugins/Animation/ControlRig/Content/Controls/ControlRig_Box_1mm.uasset" 357
"../../../Engine/Plugins/Animation/ControlRig/Content/Controls/ControlRig_Octagon_1mm.uasset" 358
"../../../Engine/Plugins/Animation/ControlRig/Content/Controls/ControlRig_Octagon_1mm.ubulk" 359
"../../../Engine/Plugins/Animation/ControlRig/Content/Controls/ControlRig_Octagon_1mm.uexp" 360
"../../../Engine/Plugins/Animation/ControlRig/Content/Controls/ControlRig_Sphere_3mm.uasset" 361
"../../../Engine/Plugins/Animation/ControlRig/Content/Controls/ControlRig_Sphere_3mm.uexp" 362
"../../../Engine/Plugins/Animation/ControlRig/Content/Controls/ControlRig_Sphere_3mm.ubulk" 363
"../../../Engine/Plugins/Animation/ControlRig/Content/Controls/ControlRig_Triangle_1mm.uasset" 364
"../../../Engine/Plugins/Animation/ControlRig/Content/Controls/ControlRig_Triangle_1mm.uexp" 365
"../../../Engine/Plugins/Animation/ControlRig/Content/Controls/ControlRig_Triangle_1mm.ubulk" 366
"../../../Engine/Plugins/Animation/ControlRig/Content/Controls/ControlRig_RoundedTriangle_solid.ubulk" 367
"../../../Engine/Plugins/Animation/ControlRig/Content/Controls/ControlRig_RoundedTriangle_solid.uasset" 368
"../../../Engine/Plugins/Animation/ControlRig/Content/Controls/ControlRig_RoundedTriangle_solid.uexp" 369
"../../../Engine/Plugins/Animation/ControlRig/Content/Controls/ControlRig_HalfCircle_3mm.uasset" 370
"../../../Engine/Plugins/Animation/ControlRig/Content/Controls/ControlRig_HalfCircle_3mm.uexp" 371
"../../../Engine/Plugins/Animation/ControlRig/Content/Controls/ControlRig_HalfCircle_3mm.ubulk" 372
"../../../Engine/Plugins/Animation/ControlRig/Content/Controls/ControlRig_Wedge_1mm.uasset" 373
"../../../Engine/Plugins/Animation/ControlRig/Content/Controls/ControlRig_Wedge_1mm.ubulk" 374
"../../../Engine/Plugins/Animation/ControlRig/Content/Controls/ControlRig_Wedge_1mm.uexp" 375
"../../../Engine/Plugins/Animation/ControlRig/Content/Controls/ControlRig_RoundedSquare_3mm.uasset" 376
"../../../Engine/Plugins/Animation/ControlRig/Content/Controls/ControlRig_RoundedSquare_3mm.ubulk" 377
"../../../Engine/Plugins/Animation/ControlRig/Content/Controls/ControlRig_RoundedSquare_3mm.uexp" 378
"../../../Engine/Plugins/Animation/ControlRig/Content/Controls/ControlRig_Star4_3mm.uasset" 379
"../../../Engine/Plugins/Animation/ControlRig/Content/Controls/ControlRig_Star4_3mm.uexp" 380
"../../../Engine/Plugins/Animation/ControlRig/Content/Controls/ControlRig_Star4_3mm.ubulk" 381
"../../../Engine/Plugins/Animation/ControlRig/Content/Controls/ControlRig_Square_3mm.uexp" 382
"../../../Engine/Plugins/Animation/ControlRig/Content/Controls/ControlRig_Square_3mm.ubulk" 383
"../../../Engine/Plugins/Animation/ControlRig/Content/Controls/ControlRig_Square_3mm.uasset" 384
"../../../Engine/Plugins/Animation/ControlRig/Content/Controls/ControlRig_Sphere_solid.uexp" 385
"../../../Engine/Plugins/Animation/ControlRig/Content/Controls/ControlRig_Sphere_solid.uasset" 386
"../../../Engine/Plugins/Animation/ControlRig/Content/Controls/ControlRig_Sphere_solid.ubulk" 387
"../../../Engine/Plugins/Animation/ControlRig/Content/Controls/ControlRig_Hexagon_3mm.uexp" 388
"../../../Engine/Plugins/Animation/ControlRig/Content/Controls/ControlRig_Hexagon_3mm.uasset" 389
"../../../Engine/Plugins/Animation/ControlRig/Content/Controls/ControlRig_Hexagon_3mm.ubulk" 390
"../../../Engine/Plugins/Animation/ControlRig/Content/Controls/ControlRig_Arrow_3mm.uexp" 391
"../../../Engine/Plugins/Animation/ControlRig/Content/Controls/ControlRig_Arrow_3mm.uasset" 392
"../../../Engine/Plugins/Animation/ControlRig/Content/Controls/ControlRig_Arrow_3mm.ubulk" 393
"../../../Engine/Plugins/Animation/ControlRig/Content/Controls/ControlRig_Diamond_3mm.ubulk" 394
"../../../Engine/Plugins/Animation/ControlRig/Content/Controls/ControlRig_Diamond_3mm.uasset" 395
"../../../Engine/Plugins/Animation/ControlRig/Content/Controls/ControlRig_Diamond_3mm.uexp" 396
"../../../Engine/Plugins/Animation/ControlRig/Content/Controls/ControlRig_Square_solid.uexp" 397
"../../../Engine/Plugins/Animation/ControlRig/Content/Controls/ControlRig_Square_solid.uasset" 398
"../../../Engine/Plugins/Animation/ControlRig/Content/Controls/ControlRig_Square_solid.ubulk" 399
"../../../Engine/Plugins/Animation/ControlRig/Content/Controls/ControlRig_Arrow4_1mm.ubulk" 400
"../../../Engine/Plugins/Animation/ControlRig/Content/Controls/ControlRig_Arrow4_1mm.uasset" 401
"../../../Engine/Plugins/Animation/ControlRig/Content/Controls/ControlRig_Arrow4_1mm.uexp" 402
"../../../Engine/Plugins/Animation/ControlRig/Content/Controls/ControlRig_Pyramid_1mm.ubulk" 403
"../../../Engine/Plugins/Animation/ControlRig/Content/Controls/ControlRig_Pyramid_1mm.uasset" 404
"../../../Engine/Plugins/Animation/ControlRig/Content/Controls/ControlRig_Pyramid_1mm.uexp" 405
"../../../Engine/Plugins/Animation/ControlRig/Content/Controls/ControlRig_QuarterCircle_1mm.uexp" 406
"../../../Engine/Plugins/Animation/ControlRig/Content/Controls/ControlRig_QuarterCircle_1mm.uasset" 407
"../../../Engine/Plugins/Animation/ControlRig/Content/Controls/ControlRig_QuarterCircle_1mm.ubulk" 408
"../../../Engine/Plugins/Animation/ControlRig/Content/Controls/ControlRig_Circle_3mm.ubulk" 409
"../../../Engine/Plugins/Animation/ControlRig/Content/Controls/ControlRig_Circle_3mm.uasset" 410
"../../../Engine/Plugins/Animation/ControlRig/Content/Controls/ControlRig_Circle_3mm.uexp" 411
"../../../Engine/Plugins/Animation/ControlRig/Content/Controls/ControlRig_RoundedTriangle_1mm.uexp" 412
"../../../Engine/Plugins/Animation/ControlRig/Content/Controls/ControlRig_RoundedTriangle_1mm.uasset" 413
"../../../Engine/Plugins/Animation/ControlRig/Content/Controls/ControlRig_RoundedTriangle_1mm.ubulk" 414
"../../../Engine/Plugins/Animation/ControlRig/Content/Controls/ControlRigGizmoMaterial.uasset" 415
"../../../Engine/Plugins/Animation/ControlRig/Content/Controls/ControlRigGizmoMaterial.uexp" 416
"../../../Engine/Content/EngineMaterials/DefaultWhiteGrid.ubulk" 417
"../../../Engine/Content/EngineMaterials/DefaultWhiteGrid.uexp" 418
"../../../Engine/Content/EngineMaterials/DefaultWhiteGrid.uasset" 419
"../../../Engine/Content/EngineMaterials/MiniFont.uexp" 420
"../../../Engine/Content/EngineMaterials/MiniFont.uasset" 421
"../../../Engine/Content/EngineMaterials/DefaultLightFunctionMaterial.uasset" 422
"../../../Engine/Content/EngineMaterials/DefaultLightFunctionMaterial.uexp" 423
"../../../Engine/Content/EngineMaterials/DefaultBokeh.uexp" 424
"../../../Engine/Content/EngineMaterials/DefaultBokeh.uasset" 425
"../../../Engine/Content/EngineMaterials/WeightMapPlaceholderTexture.uasset" 426
"../../../Engine/Content/EngineMaterials/WeightMapPlaceholderTexture.uexp" 427
"../../../Engine/Content/EngineMaterials/WeightMapArrayPlaceholderTexture.uasset" 428
"../../../Engine/Content/EngineMaterials/WeightMapArrayPlaceholderTexture.uexp" 429
"../../../Engine/Content/EngineResources/WhiteSquareTexture.uexp" 430
"../../../Engine/Content/EngineResources/WhiteSquareTexture.uasset" 431
"../../../Engine/Content/EngineMaterials/Widget3DPassThrough.uexp" 432
"../../../Engine/Content/EngineMaterials/Widget3DPassThrough.uasset" 433
"../../../Engine/Content/EngineMaterials/Widget3DPassThrough_Opaque.uasset" 434
"../../../Engine/Content/EngineMaterials/Widget3DPassThrough_Opaque.uexp" 435
"../../../Engine/Content/EngineMaterials/Widget3DPassThrough_Opaque_OneSided.uasset" 436
"../../../Engine/Content/EngineMaterials/Widget3DPassThrough_Opaque_OneSided.uexp" 437
"../../../Engine/Content/EngineMaterials/FastBlueNoise_vec2_128x128x64.uexp" 438
"../../../Engine/Content/EngineMaterials/FastBlueNoise_vec2_128x128x64.uasset" 439
"../../../Engine/Content/EngineMaterials/PreintegratedSkinBRDF.uexp" 440
"../../../Engine/Content/EngineMaterials/PreintegratedSkinBRDF.uasset" 441
"../../../Engine/Content/EngineFonts/RobotoDistanceField.uexp" 442
"../../../Engine/Content/EngineFonts/RobotoDistanceField.uasset" 443
"../../../Engine/Content/EngineMaterials/DefaultTextMaterialOpaque.uexp" 444
"../../../Engine/Content/EngineMaterials/DefaultTextMaterialOpaque.uasset" 445
"../../../Engine/Content/EngineMaterials/InvalidLightmapSettings.ubulk" 446
"../../../Engine/Content/EngineMaterials/InvalidLightmapSettings.uasset" 447
"../../../Engine/Content/EngineMaterials/InvalidLightmapSettings.uexp" 448
"../../../Engine/Content/EngineMaterials/M_InvalidLightmapSettings.uexp" 449
"../../../Engine/Content/EngineMaterials/M_InvalidLightmapSettings.uasset" 450
"../../../Engine/Content/EngineMaterials/FastBlueNoise_scalar_128x128x64.uexp" 451
"../../../Engine/Content/EngineMaterials/FastBlueNoise_scalar_128x128x64.uasset" 452
"../../../Engine/Content/EngineMaterials/BaseFlattenEmissiveMap_VT.ubulk" 453
"../../../Engine/Content/EngineMaterials/BaseFlattenEmissiveMap_VT.uexp" 454
"../../../Engine/Content/EngineMaterials/BaseFlattenEmissiveMap_VT.uasset" 455
"../../../Engine/Content/EngineMaterials/BaseFlattenDiffuseMap_VT.uasset" 456
"../../../Engine/Content/EngineMaterials/BaseFlattenDiffuseMap_VT.ubulk" 457
"../../../Engine/Content/EngineMaterials/BaseFlattenDiffuseMap_VT.uexp" 458
"../../../Engine/Content/EngineMaterials/BaseFlattenLinearColor_VT.uasset" 459
"../../../Engine/Content/EngineMaterials/BaseFlattenLinearColor_VT.ubulk" 460
"../../../Engine/Content/EngineMaterials/BaseFlattenLinearColor_VT.uexp" 461
"../../../Engine/Content/EngineMaterials/BaseFlattenGrayscaleMap_VT.uexp" 462
"../../../Engine/Content/EngineMaterials/BaseFlattenGrayscaleMap_VT.ubulk" 463
"../../../Engine/Content/EngineMaterials/BaseFlattenGrayscaleMap_VT.uasset" 464
"../../../Engine/Content/EngineMaterials/BaseFlattenNormalMap_VT.uasset" 465
"../../../Engine/Content/EngineMaterials/BaseFlattenNormalMap_VT.ubulk" 466
"../../../Engine/Content/EngineMaterials/BaseFlattenNormalMap_VT.uexp" 467
"../../../Engine/Content/EngineMaterials/Black_1x1_EXR_Texture_VT.uexp" 468
"../../../Engine/Content/EngineMaterials/Black_1x1_EXR_Texture_VT.uasset" 469
"../../../Engine/Content/EngineMaterials/Black_1x1_EXR_Texture_VT.ubulk" 470
"../../../Engine/Content/EngineMaterials/FlattenMaterial_VT.uasset" 471
"../../../Engine/Content/EngineMaterials/FlattenMaterial_VT.uexp" 472
"../../../Engine/Content/Functions/Engine_MaterialFunctions02/Utility/BreakOutFloat2Components.uasset" 473
"../../../Engine/Content/Functions/Engine_MaterialFunctions02/Utility/BreakOutFloat2Components.uexp" 474
"../../../Engine/Content/EngineMaterials/DefaultDiffuse.ubulk" 475
"../../../Engine/Content/EngineMaterials/DefaultDiffuse.uexp" 476
"../../../Engine/Content/EngineMaterials/DefaultDiffuse.uasset" 477
"../../../Engine/Content/EngineMaterials/DefaultPostProcessMaterial.uexp" 478
"../../../Engine/Content/EngineMaterials/DefaultPostProcessMaterial.uasset" 479
"../../../Engine/Content/EngineMaterials/DefaultDeferredDecalMaterial.uexp" 480
"../../../Engine/Content/EngineMaterials/DefaultDeferredDecalMaterial.uasset" 481
"../../../Engine/Content/EngineMaterials/RemoveSurfaceMaterial.uasset" 482
"../../../Engine/Content/EngineMaterials/RemoveSurfaceMaterial.uexp" 483
"../../../Engine/Content/EngineMaterials/FlattenMaterial_WS_Normal_VT.uexp" 484
"../../../Engine/Content/EngineMaterials/FlattenMaterial_WS_Normal_VT.uasset" 485
"../../../Engine/Content/EngineMaterials/DefaultBloomKernel.uexp" 486
"../../../Engine/Content/EngineMaterials/DefaultBloomKernel.uasset" 487
"../../../Engine/Content/EngineMaterials/Widget3DPassThrough_Masked_OneSided.uexp" 488
"../../../Engine/Content/EngineMaterials/Widget3DPassThrough_Masked_OneSided.uasset" 489
"../../../Engine/Content/EngineMaterials/DefaultWhiteGrid_Low.uasset" 490
"../../../Engine/Content/EngineMaterials/DefaultWhiteGrid_Low.uexp" 491
"../../../Engine/Content/EngineMaterials/EmissiveMeshMaterial.uexp" 492
"../../../Engine/Content/EngineMaterials/EmissiveMeshMaterial.uasset" 493
"../../../Engine/Content/EngineMaterials/BaseFlattenLinearColor.uasset" 494
"../../../Engine/Content/EngineMaterials/BaseFlattenLinearColor.uexp" 495
"../../../Engine/Content/EngineMaterials/BaseFlattenEmissiveMap.uexp" 496
"../../../Engine/Content/EngineMaterials/BaseFlattenEmissiveMap.uasset" 497
"../../../Engine/Content/EngineMaterials/BaseFlattenNormalMap.uexp" 498
"../../../Engine/Content/EngineMaterials/BaseFlattenNormalMap.uasset" 499
"../../../Engine/Content/EngineMaterials/BaseFlattenDiffuseMap.uasset" 500
"../../../Engine/Content/EngineMaterials/BaseFlattenDiffuseMap.uexp" 501
"../../../Engine/Content/EngineMaterials/BaseFlattenGrayscaleMap.uasset" 502
"../../../Engine/Content/EngineMaterials/BaseFlattenGrayscaleMap.uexp" 503
"../../../Engine/Content/Functions/Engine_MaterialFunctions02/PivotPainter2/Black_1x1_EXR_Texture.uexp" 504
"../../../Engine/Content/Functions/Engine_MaterialFunctions02/PivotPainter2/Black_1x1_EXR_Texture.uasset" 505
"../../../Engine/Content/EngineMaterials/FlattenMaterial.uasset" 506
"../../../Engine/Content/EngineMaterials/FlattenMaterial.uexp" 507
"../../../Engine/Content/EngineMaterials/GizmoMaterial.uexp" 508
"../../../Engine/Content/EngineMaterials/GizmoMaterial.uasset" 509
"../../../Engine/Content/EngineMaterials/PhAT_JointLimitMaterial.uasset" 510
"../../../Engine/Content/EngineMaterials/PhAT_JointLimitMaterial.uexp" 511
"../../../Engine/Content/EngineMaterials/FastBlueNoise_scalar_128x128x8.uasset" 512
"../../../Engine/Content/EngineMaterials/FastBlueNoise_scalar_128x128x8.uexp" 513
"../../../Engine/Content/EngineMaterials/DefaultCalibrationColor.uexp" 514
"../../../Engine/Content/EngineMaterials/DefaultCalibrationColor.uasset" 515
"../../../Engine/Content/EngineMaterials/PPM_DefaultCalibrationColor.uasset" 516
"../../../Engine/Content/EngineMaterials/PPM_DefaultCalibrationColor.uexp" 517
"../../../Engine/Content/EngineMaterials/Widget3DPassThrough_Translucent.uasset" 518
"../../../Engine/Content/EngineMaterials/Widget3DPassThrough_Translucent.uexp" 519
"../../../Engine/Content/EngineMaterials/Widget3DPassThrough_Translucent_OneSided.uasset" 520
"../../../Engine/Content/EngineMaterials/Widget3DPassThrough_Translucent_OneSided.uexp" 521
"../../../Engine/Content/EngineMaterials/Widget3DPassThrough_Masked.uasset" 522
"../../../Engine/Content/EngineMaterials/Widget3DPassThrough_Masked.uexp" 523
"../../../Engine/Content/EngineMaterials/NaniteHiddenSectionMaterial.uasset" 524
"../../../Engine/Content/EngineMaterials/NaniteHiddenSectionMaterial.uexp" 525
"../../../Engine/Content/EngineMaterials/DefaultCalibrationGrayscale.uexp" 526
"../../../Engine/Content/EngineMaterials/DefaultCalibrationGrayscale.uasset" 527
"../../../Engine/Content/EngineMaterials/PPM_DefaultCalibrationGrayscale.uasset" 528
"../../../Engine/Content/EngineMaterials/PPM_DefaultCalibrationGrayscale.uexp" 529
"../../../Engine/Content/EngineDebugMaterials/DebugMeshMaterial.uexp" 530
"../../../Engine/Content/EngineDebugMaterials/DebugMeshMaterial.uasset" 531
"../../../Engine/Content/EngineDebugMaterials/M_SimpleUnlitTranslucent.uexp" 532
"../../../Engine/Content/EngineDebugMaterials/M_SimpleUnlitTranslucent.uasset" 533
"../../../Engine/Content/Functions/Engine_MaterialFunctions02/Utility/CameraDirectionVector.uexp" 534
"../../../Engine/Content/Functions/Engine_MaterialFunctions02/Utility/CameraDirectionVector.uasset" 535
"../../../Engine/Content/EngineDebugMaterials/VolumeToRender.uexp" 536
"../../../Engine/Content/EngineDebugMaterials/VolumeToRender.uasset" 537
"../../../Engine/Content/EngineDebugMaterials/M_VolumeRenderSphereTracePP.uexp" 538
"../../../Engine/Content/EngineDebugMaterials/M_VolumeRenderSphereTracePP.uasset" 539
"../../../Engine/Content/EngineDebugMaterials/DebugEditorMaterial.uasset" 540
"../../../Engine/Content/EngineDebugMaterials/DebugEditorMaterial.uexp" 541
"../../../Engine/Content/EngineDamageTypes/DmgTypeBP_Environmental.uasset" 542
"../../../Engine/Content/EngineDamageTypes/DmgTypeBP_Environmental.uexp" 543
"../../../Engine/Content/EditorResources/BSPVertex.uexp" 544
"../../../Engine/Content/EditorResources/BSPVertex.uasset" 545
"../../../Engine/Content/EditorResources/S_Terrain.uasset" 546
"../../../Engine/Content/EditorResources/S_Terrain.uexp" 547
"../../../Engine/Content/EditorResources/S_Terrain.ubulk" 548
"../../../Engine/Content/EditorResources/S_Solver.uasset" 549
"../../../Engine/Content/EditorResources/S_Solver.uexp" 550
"../../../Engine/Content/EditorResources/S_Solver.ubulk" 551
"../../../Engine/Content/EditorMaterials/PhAT_UnselectedMaterial.uexp" 552
"../../../Engine/Content/EditorMaterials/PhAT_UnselectedMaterial.uasset" 553
"../../../Engine/Content/EditorMaterials/PhAT_NoCollisionMaterial.uexp" 554
"../../../Engine/Content/EditorMaterials/PhAT_NoCollisionMaterial.uasset" 555
"../../../Engine/Content/EditorMaterials/PreviewShadowIndicator.uasset" 556
"../../../Engine/Content/EditorMaterials/PreviewShadowIndicator.uexp" 557
"../../../Engine/Content/EditorMaterials/PreviewShadowIndicator.ubulk" 558
"../../../Engine/Content/EditorMaterials/PreviewShadowIndicatorMaterial.uasset" 559
"../../../Engine/Content/EditorMaterials/PreviewShadowIndicatorMaterial.uexp" 560
"../../../Engine/Content/EditorLandscapeResources/WhiteSquareTexture.uexp" 561
"../../../Engine/Content/EditorLandscapeResources/WhiteSquareTexture.uasset" 562
"../../../Engine/Content/EditorLandscapeResources/LayerVisMaterial.uexp" 563
"../../../Engine/Content/EditorLandscapeResources/LayerVisMaterial.uasset" 564
"../../../Engine/Content/EditorLandscapeResources/DefaultAlphaTexture.uexp" 565
"../../../Engine/Content/EditorLandscapeResources/DefaultAlphaTexture.uasset" 566
"../../../Engine/Content/Functions/Engine_MaterialFunctions03/Math/WithinRangeFloat2.uexp" 567
"../../../Engine/Content/Functions/Engine_MaterialFunctions03/Math/WithinRangeFloat2.uasset" 568
"../../../Engine/Content/EditorLandscapeResources/MaskBrushMaterial.uasset" 569
"../../../Engine/Content/EditorLandscapeResources/MaskBrushMaterial.uexp" 570
"../../../Engine/Content/EditorLandscapeResources/MaskBrushMaterial_MaskedRegion.uexp" 571
"../../../Engine/Content/EditorLandscapeResources/MaskBrushMaterial_MaskedRegion.uasset" 572
"../../../Engine/Content/EditorLandscapeResources/ColorMaskBrushMaterial.uexp" 573
"../../../Engine/Content/EditorLandscapeResources/ColorMaskBrushMaterial.uasset" 574
"../../../Engine/Content/EditorLandscapeResources/ColorMaskBrushMaterial_MaskedRegion.uasset" 575
"../../../Engine/Content/EditorLandscapeResources/ColorMaskBrushMaterial_MaskedRegion.uexp" 576
"../../../Engine/Content/Functions/Engine_MaterialFunctions01/Texturing/ScaleUVsByCenter.uexp" 577
"../../../Engine/Content/Functions/Engine_MaterialFunctions01/Texturing/ScaleUVsByCenter.uasset" 578
"../../../Engine/Content/Functions/Engine_MaterialFunctions02/WorldPositionOffset/LocalPosition.uexp" 579
"../../../Engine/Content/Functions/Engine_MaterialFunctions02/WorldPositionOffset/LocalPosition.uasset" 580
"../../../Engine/Content/Functions/Engine_MaterialFunctions01/Texturing/TextureCropping.uasset" 581
"../../../Engine/Content/Functions/Engine_MaterialFunctions01/Texturing/TextureCropping.uexp" 582
"../../../Engine/Content/Functions/Engine_MaterialFunctions02/ExampleContent/DebugNumberStrip.uexp" 583
"../../../Engine/Content/Functions/Engine_MaterialFunctions02/ExampleContent/DebugNumberStrip.uasset" 584
"../../../Engine/Content/Functions/Engine_MaterialFunctions01/Debug/DebugIntValues.uexp" 585
"../../../Engine/Content/Functions/Engine_MaterialFunctions01/Debug/DebugIntValues.uasset" 586
"../../../Engine/Content/EditorLandscapeResources/LandscapeLayerUsageMaterial.uexp" 587
"../../../Engine/Content/EditorLandscapeResources/LandscapeLayerUsageMaterial.uasset" 588
"../../../Engine/Content/EditorLandscapeResources/SplineEditorMeshMat.uasset" 589
"../../../Engine/Content/EditorLandscapeResources/SplineEditorMeshMat.uexp" 590
"../../../Engine/Content/EditorLandscapeResources/SplineEditorMesh.uexp" 591
"../../../Engine/Content/EditorLandscapeResources/SplineEditorMesh.uasset" 592
"../../../Engine/Content/EditorLandscapeResources/SplineEditorMesh.ubulk" 593
"../../../Engine/Content/EditorLandscapeResources/LandscapeDirtyMaterial.uexp" 594
"../../../Engine/Content/EditorLandscapeResources/LandscapeDirtyMaterial.uasset" 595
"../../../Engine/Content/EditorLandscapeResources/SelectBrushMaterial.uexp" 596
"../../../Engine/Content/EditorLandscapeResources/SelectBrushMaterial.uasset" 597
"../../../Engine/Content/EditorLandscapeResources/SelectBrushMaterial_SelectedRegion.uasset" 598
"../../../Engine/Content/EditorLandscapeResources/SelectBrushMaterial_SelectedRegion.uexp" 599
"../../../Engine/Content/EditorLandscapeResources/SelectBrushMaterial_Selected.uexp" 600
"../../../Engine/Content/EditorLandscapeResources/SelectBrushMaterial_Selected.uasset" 601
"../../../Engine/Content/EngineResources/FilmGrains/Marcie_Grain_v3_128_M2_000.uexp" 602
"../../../Engine/Content/EngineResources/FilmGrains/Marcie_Grain_v3_128_M2_000.uasset" 603
"../../../Engine/Content/EngineResources/Development/ZenLogo_64.uasset" 604
"../../../Engine/Content/EngineResources/Development/ZenLogo_64.uexp" 605
"../../../Engine/Content/EngineMaterials/LTC/GGX_LTCAmp.uexp" 606
"../../../Engine/Content/EngineMaterials/LTC/GGX_LTCAmp.uasset" 607
"../../../Engine/Content/EngineMaterials/LTC/Sheen_LTC.uasset" 608
"../../../Engine/Content/EngineMaterials/LTC/Sheen_LTC.uexp" 609
"../../../Engine/Content/EngineMaterials/LTC/GGX_LTCMat.uexp" 610
"../../../Engine/Content/EngineMaterials/LTC/GGX_LTCMat.uasset" 611
"../../../Engine/Content/EngineMaterials/EnergyConservation/Diffuse_Energy.uexp" 612
"../../../Engine/Content/EngineMaterials/EnergyConservation/Diffuse_Energy.uasset" 613
"../../../Engine/Content/EngineMaterials/EnergyConservation/SheenLegacy_Energy.uasset" 614
"../../../Engine/Content/EngineMaterials/EnergyConservation/SheenLegacy_Energy.uexp" 615
"../../../Engine/Content/EngineMaterials/EnergyConservation/Sheen_Energy.uasset" 616
"../../../Engine/Content/EngineMaterials/EnergyConservation/Sheen_Energy.uexp" 617
"../../../Engine/Content/EngineMaterials/EnergyConservation/GGX_TransmissionEnergyArray.uasset" 618
"../../../Engine/Content/EngineMaterials/EnergyConservation/GGX_TransmissionEnergyArray.uexp" 619
"../../../Engine/Content/EngineMaterials/EnergyConservation/GGX_ReflectionEnergy.uasset" 620
"../../../Engine/Content/EngineMaterials/EnergyConservation/GGX_ReflectionEnergy.uexp" 621
"../../../Engine/Content/EditorResources/SequenceRecorder/RecordingIndicator.uexp" 622
"../../../Engine/Content/EditorResources/SequenceRecorder/RecordingIndicator.uasset" 623
"../../../Engine/Content/EditorResources/SequenceRecorder/Countdown.uasset" 624
"../../../Engine/Content/EditorResources/SequenceRecorder/Countdown.uexp" 625
"../../../Engine/Content/EditorMaterials/Camera/CineMat.uasset" 626
"../../../Engine/Content/EditorMaterials/Camera/CineMat.uexp" 627
"../../../Engine/Content/EditorMaterials/Camera/MI_CineMat_Rig.uasset" 628
"../../../Engine/Content/EditorMaterials/Camera/MI_CineMat_Rig.uexp" 629
"../../../Engine/Content/EditorMeshes/Camera/SM_RailRig_Track.uexp" 630
"../../../Engine/Content/EditorMeshes/Camera/SM_RailRig_Track.ubulk" 631
"../../../Engine/Content/EditorMeshes/Camera/SM_RailRig_Track.uasset" 632
"../../../Engine/Content/EditorMeshes/Camera/SM_CraneRig_Arm.ubulk" 633
"../../../Engine/Content/EditorMeshes/Camera/SM_CraneRig_Arm.uexp" 634
"../../../Engine/Content/EditorMeshes/Camera/SM_CraneRig_Arm.uasset" 635
"../../../Engine/Content/EditorMeshes/Camera/SM_CraneRig_Mount.uexp" 636
"../../../Engine/Content/EditorMeshes/Camera/SM_CraneRig_Mount.ubulk" 637
"../../../Engine/Content/EditorMeshes/Camera/SM_CraneRig_Mount.uasset" 638
"../../../Engine/Content/EditorMeshes/Camera/SM_CraneRig_Base.ubulk" 639
"../../../Engine/Content/EditorMeshes/Camera/SM_CraneRig_Base.uexp" 640
"../../../Engine/Content/EditorMeshes/Camera/SM_CraneRig_Base.uasset" 641
"../../../Engine/Content/EditorMeshes/Camera/SM_RailRig_Mount.ubulk" 642
"../../../Engine/Content/EditorMeshes/Camera/SM_RailRig_Mount.uexp" 643
"../../../Engine/Content/EditorMeshes/Camera/SM_RailRig_Mount.uasset" 644
"../../../Engine/Content/EditorMeshes/Camera/SM_CraneRig_Body.ubulk" 645
"../../../Engine/Content/EditorMeshes/Camera/SM_CraneRig_Body.uasset" 646
"../../../Engine/Content/EditorMeshes/Camera/SM_CraneRig_Body.uexp" 647
"../../../Engine/Content/EditorMaterials/ParticleSystems/PSysThumbnail_OOD.ubulk" 648
"../../../Engine/Content/EditorMaterials/ParticleSystems/PSysThumbnail_OOD.uexp" 649
"../../../Engine/Content/EditorMaterials/ParticleSystems/PSysThumbnail_OOD.uasset" 650
"../../../Engine/Content/EditorMaterials/ParticleSystems/PSysThumbnail_NoImage.ubulk" 651
"../../../Engine/Content/EditorMaterials/ParticleSystems/PSysThumbnail_NoImage.uexp" 652
"../../../Engine/Content/EditorMaterials/ParticleSystems/PSysThumbnail_NoImage.uasset" 653
"../../../Engine/Content/EditorMaterials/Dataflow/DataflowTwoSidedVertexMaterial.uasset" 654
"../../../Engine/Content/EditorMaterials/Dataflow/DataflowTwoSidedVertexMaterial.uexp" 655
"../../../Engine/Content/EditorMaterials/Dataflow/DataflowVertexMaterial.uasset" 656
"../../../Engine/Content/EditorMaterials/Dataflow/DataflowVertexMaterial.uexp" 657
"../../../Engine/Content/VREditor/LaserPointer/VR_LaserPower_01.uexp" 658
"../../../Engine/Content/VREditor/LaserPointer/VR_LaserPower_01.ubulk" 659
"../../../Engine/Content/VREditor/LaserPointer/VR_LaserPower_01.uasset" 660
"../../../Engine/Content/VREditor/TransformGizmo/TransformGizmoMaterial.uasset" 661
"../../../Engine/Content/VREditor/TransformGizmo/TransformGizmoMaterial.uexp" 662
"../../../Engine/Content/VREditor/TransformGizmo/TranslucentTransformGizmoMaterial.uasset" 663
"../../../Engine/Content/VREditor/TransformGizmo/TranslucentTransformGizmoMaterial.uexp" 664
"../../../Engine/Content/VREditor/TransformGizmo/BoundingBoxEdge.ubulk" 665
"../../../Engine/Content/VREditor/TransformGizmo/BoundingBoxEdge.uexp" 666
"../../../Engine/Content/VREditor/TransformGizmo/BoundingBoxEdge.uasset" 667
"../../../Engine/Content/VREditor/TransformGizmo/Main.uasset" 668
"../../../Engine/Content/VREditor/TransformGizmo/Main.uexp" 669
"../../../Engine/Content/VREditor/TransformGizmo/Xray.uexp" 670
"../../../Engine/Content/VREditor/TransformGizmo/Xray.uasset" 671
"../../../Engine/Content/VREditor/TransformGizmo/SM_Sequencer_Node.uexp" 672
"../../../Engine/Content/VREditor/TransformGizmo/SM_Sequencer_Node.ubulk" 673
"../../../Engine/Content/VREditor/TransformGizmo/SM_Sequencer_Node.uasset" 674
"../../../Engine/Content/VREditor/TransformGizmo/BoundingBoxCorner.ubulk" 675
"../../../Engine/Content/VREditor/TransformGizmo/BoundingBoxCorner.uasset" 676
"../../../Engine/Content/VREditor/TransformGizmo/BoundingBoxCorner.uexp" 677
"../../../Engine/Plugins/Interchange/Assets/Content/Utilities/New_LUT.uasset" 678
"../../../Engine/Plugins/Interchange/Assets/Content/Utilities/New_LUT.uexp" 679
"../../../Engine/Content/Functions/Engine_MaterialFunctions03/Math/RemapValueRange.uexp" 680
"../../../Engine/Content/Functions/Engine_MaterialFunctions03/Math/RemapValueRange.uasset" 681
"../../../Engine/Plugins/Interchange/Assets/Content/Functions/MF_Iridescence.uasset" 682
"../../../Engine/Plugins/Interchange/Assets/Content/Functions/MF_Iridescence.uexp" 683
"../../../Engine/Plugins/Interchange/Assets/Content/gltf/Textures/T_White_srgb.uasset" 684
"../../../Engine/Plugins/Interchange/Assets/Content/gltf/Textures/T_White_srgb.uexp" 685
"../../../Engine/Plugins/Interchange/Assets/Content/gltf/MaterialFunctions/MF_BaseColor.uexp" 686
"../../../Engine/Plugins/Interchange/Assets/Content/gltf/MaterialFunctions/MF_BaseColor.uasset" 687
"../../../Engine/Plugins/Interchange/Assets/Content/gltf/MaterialFunctions/MF_Emissive.uexp" 688
"../../../Engine/Plugins/Interchange/Assets/Content/gltf/MaterialFunctions/MF_Emissive.uasset" 689
"../../../Engine/Plugins/Interchange/Assets/Content/gltf/MaterialFunctions/MF_IOR.uexp" 690
"../../../Engine/Plugins/Interchange/Assets/Content/gltf/MaterialFunctions/MF_IOR.uasset" 691
"../../../Engine/Plugins/Interchange/Assets/Content/gltf/MaterialFunctions/MF_Iridescence.uasset" 692
"../../../Engine/Plugins/Interchange/Assets/Content/gltf/MaterialFunctions/MF_Iridescence.uexp" 693
"../../../Engine/Plugins/Interchange/Assets/Content/gltf/Textures/T_White_Linear.uexp" 694
"../../../Engine/Plugins/Interchange/Assets/Content/gltf/Textures/T_White_Linear.uasset" 695
"../../../Engine/Plugins/Interchange/Assets/Content/gltf/MaterialFunctions/MF_MetallicRoughness.uexp" 696
"../../../Engine/Plugins/Interchange/Assets/Content/gltf/MaterialFunctions/MF_MetallicRoughness.uasset" 697
"../../../Engine/Content/Functions/Engine_MaterialFunctions02/Math/Transform3x3Matrix.uasset" 698
"../../../Engine/Content/Functions/Engine_MaterialFunctions02/Math/Transform3x3Matrix.uexp" 699
"../../../Engine/Plugins/Interchange/Assets/Content/gltf/MaterialFunctions/MF_RotateNormals_TS.uexp" 700
"../../../Engine/Plugins/Interchange/Assets/Content/gltf/MaterialFunctions/MF_RotateNormals_TS.uasset" 701
"../../../Engine/Plugins/Interchange/Assets/Content/gltf/MaterialFunctions/MF_ScaleNormal.uasset" 702
"../../../Engine/Plugins/Interchange/Assets/Content/gltf/MaterialFunctions/MF_ScaleNormal.uexp" 703
"../../../Engine/Plugins/Interchange/Assets/Content/gltf/Textures/T_Generic_N.uasset" 704
"../../../Engine/Plugins/Interchange/Assets/Content/gltf/Textures/T_Generic_N.uexp" 705
"../../../Engine/Plugins/Interchange/Assets/Content/gltf/MaterialFunctions/MF_Normals.uasset" 706
"../../../Engine/Plugins/Interchange/Assets/Content/gltf/MaterialFunctions/MF_Normals.uexp" 707
"../../../Engine/Plugins/Interchange/Assets/Content/gltf/MaterialFunctions/MF_Occlusion.uasset" 708
"../../../Engine/Plugins/Interchange/Assets/Content/gltf/MaterialFunctions/MF_Occlusion.uexp" 709
"../../../Engine/Plugins/Interchange/Assets/Content/gltf/MaterialFunctions/MF_RotateV2.uasset" 710
"../../../Engine/Plugins/Interchange/Assets/Content/gltf/MaterialFunctions/MF_RotateV2.uexp" 711
"../../../Engine/Plugins/Interchange/Assets/Content/gltf/MaterialFunctions/MF_Specular.uexp" 712
"../../../Engine/Plugins/Interchange/Assets/Content/gltf/MaterialFunctions/MF_Specular.uasset" 713
"../../../Engine/Plugins/Interchange/Assets/Content/gltf/Textures/T_Anisotropy_Direction_Linear.uasset" 714
"../../../Engine/Plugins/Interchange/Assets/Content/gltf/Textures/T_Anisotropy_Direction_Linear.uexp" 715
"../../../Engine/Plugins/Interchange/Assets/Content/gltf/MaterialFunctions/MF_SpecularAnisotropy.uasset" 716
"../../../Engine/Plugins/Interchange/Assets/Content/gltf/MaterialFunctions/MF_SpecularAnisotropy.uexp" 717
"../../../Engine/Plugins/Interchange/Assets/Content/gltf/MaterialFunctions/MF_TransformUVs.uasset" 718
"../../../Engine/Plugins/Interchange/Assets/Content/gltf/MaterialFunctions/MF_TransformUVs.uexp" 719
"../../../Engine/Plugins/Interchange/Assets/Content/gltf/MaterialFunctions/MF_Sheen.uasset" 720
"../../../Engine/Plugins/Interchange/Assets/Content/gltf/MaterialFunctions/MF_Sheen.uexp" 721
"../../../Engine/Plugins/Interchange/Assets/Content/gltf/MaterialBodies/MF_Sheen_Body.uexp" 722
"../../../Engine/Plugins/Interchange/Assets/Content/gltf/MaterialBodies/MF_Sheen_Body.uasset" 723
"../../../Engine/Plugins/Interchange/Assets/Content/gltf/M_Sheen.uasset" 724
"../../../Engine/Plugins/Interchange/Assets/Content/gltf/M_Sheen.uexp" 725
"../../../Engine/Plugins/Interchange/Assets/Content/gltf/MaterialInstances/MI_Sheen_Blend_DS.uexp" 726
"../../../Engine/Plugins/Interchange/Assets/Content/gltf/MaterialInstances/MI_Sheen_Blend_DS.uasset" 727
"../../../Engine/Content/Functions/Engine_MaterialFunctions01/Texturing/FlattenNormal.uasset" 728
"../../../Engine/Content/Functions/Engine_MaterialFunctions01/Texturing/FlattenNormal.uexp" 729
"../../../Engine/Plugins/Interchange/Assets/Content/gltf/MaterialFunctions/MF_Clearcoat.uexp" 730
"../../../Engine/Plugins/Interchange/Assets/Content/gltf/MaterialFunctions/MF_Clearcoat.uasset" 731
"../../../Engine/Plugins/Interchange/Assets/Content/gltf/MaterialBodies/MF_ClearCoat_Body.uexp" 732
"../../../Engine/Plugins/Interchange/Assets/Content/gltf/MaterialBodies/MF_ClearCoat_Body.uasset" 733
"../../../Engine/Plugins/Interchange/Assets/Content/gltf/M_ClearCoat.uexp" 734
"../../../Engine/Plugins/Interchange/Assets/Content/gltf/M_ClearCoat.uasset" 735
"../../../Engine/Plugins/Interchange/Assets/Content/gltf/MaterialInstances/MI_ClearCoat_Mask.uexp" 736
"../../../Engine/Plugins/Interchange/Assets/Content/gltf/MaterialInstances/MI_ClearCoat_Mask.uasset" 737
"../../../Engine/Content/EngineMaterials/Good64x64TilingNoiseHighFreq.uasset" 738
"../../../Engine/Content/EngineMaterials/Good64x64TilingNoiseHighFreq.uexp" 739
"../../../Engine/Content/Functions/Engine_MaterialFunctions02/Texturing/ScreenAlignedPixelToPixelUVs.uasset" 740
"../../../Engine/Content/Functions/Engine_MaterialFunctions02/Texturing/ScreenAlignedPixelToPixelUVs.uexp" 741
"../../../Engine/Plugins/Interchange/Assets/Content/gltf/MaterialFunctions/MF_Fresnel_DS.uexp" 742
"../../../Engine/Plugins/Interchange/Assets/Content/gltf/MaterialFunctions/MF_Fresnel_DS.uasset" 743
"../../../Engine/Plugins/Interchange/Assets/Content/gltf/MaterialFunctions/MF_Temporal_Blur.uexp" 744
"../../../Engine/Plugins/Interchange/Assets/Content/gltf/MaterialFunctions/MF_Temporal_Blur.uasset" 745
"../../../Engine/Plugins/Interchange/Assets/Content/gltf/MaterialFunctions/MF_Transmission.uasset" 746
"../../../Engine/Plugins/Interchange/Assets/Content/gltf/MaterialFunctions/MF_Transmission.uexp" 747
"../../../Engine/Plugins/Interchange/Assets/Content/gltf/MaterialBodies/MF_Transmission_Body.uasset" 748
"../../../Engine/Plugins/Interchange/Assets/Content/gltf/MaterialBodies/MF_Transmission_Body.uexp" 749
"../../../Engine/Plugins/Interchange/Assets/Content/gltf/M_Transmission.uasset" 750
"../../../Engine/Plugins/Interchange/Assets/Content/gltf/M_Transmission.uexp" 751
"../../../Engine/Plugins/Interchange/Assets/Content/gltf/MaterialInstances/MI_Transmission.uexp" 752
"../../../Engine/Plugins/Interchange/Assets/Content/gltf/MaterialInstances/MI_Transmission.uasset" 753
"../../../Engine/Plugins/Interchange/Assets/Content/gltf/MaterialInstances/MI_ClearCoat_Blend_DS.uexp" 754
"../../../Engine/Plugins/Interchange/Assets/Content/gltf/MaterialInstances/MI_ClearCoat_Blend_DS.uasset" 755
"../../../Engine/Plugins/Interchange/Assets/Content/gltf/MaterialFunctions/MF_DiffuseSpecGloss.uasset" 756
"../../../Engine/Plugins/Interchange/Assets/Content/gltf/MaterialFunctions/MF_DiffuseSpecGloss.uexp" 757
"../../../Engine/Plugins/Interchange/Assets/Content/gltf/MaterialFunctions/MF_MaxComponentValue.uexp" 758
"../../../Engine/Plugins/Interchange/Assets/Content/gltf/MaterialFunctions/MF_MaxComponentValue.uasset" 759
"../../../Engine/Content/Functions/Engine_MaterialFunctions02/Math/AddComponents.uexp" 760
"../../../Engine/Content/Functions/Engine_MaterialFunctions02/Math/AddComponents.uasset" 761
"../../../Engine/Plugins/Interchange/Assets/Content/gltf/MaterialFunctions/MF_PerceivedBrightness.uasset" 762
"../../../Engine/Plugins/Interchange/Assets/Content/gltf/MaterialFunctions/MF_PerceivedBrightness.uexp" 763
"../../../Engine/Plugins/Interchange/Assets/Content/gltf/MaterialFunctions/MF_SpecGlossToMetalRoughness.uasset" 764
"../../../Engine/Plugins/Interchange/Assets/Content/gltf/MaterialFunctions/MF_SpecGlossToMetalRoughness.uexp" 765
"../../../Engine/Plugins/Interchange/Assets/Content/gltf/MaterialBodies/MF_SpecularGlossiness_Body.uasset" 766
"../../../Engine/Plugins/Interchange/Assets/Content/gltf/MaterialBodies/MF_SpecularGlossiness_Body.uexp" 767
"../../../Engine/Plugins/Interchange/Assets/Content/gltf/M_SpecularGlossiness.uexp" 768
"../../../Engine/Plugins/Interchange/Assets/Content/gltf/M_SpecularGlossiness.uasset" 769
"../../../Engine/Plugins/Interchange/Assets/Content/gltf/MaterialInstances/MI_SpecularGlossiness_Mask_DS.uexp" 770
"../../../Engine/Plugins/Interchange/Assets/Content/gltf/MaterialInstances/MI_SpecularGlossiness_Mask_DS.uasset" 771
"../../../Engine/Plugins/Interchange/Assets/Content/gltf/MaterialBodies/MF_Unlit_Body.uasset" 772
"../../../Engine/Plugins/Interchange/Assets/Content/gltf/MaterialBodies/MF_Unlit_Body.uexp" 773
"../../../Engine/Plugins/Interchange/Assets/Content/gltf/M_Unlit.uasset" 774
"../../../Engine/Plugins/Interchange/Assets/Content/gltf/M_Unlit.uexp" 775
"../../../Engine/Plugins/Interchange/Assets/Content/gltf/MaterialInstances/MI_Unlit_Mask.uasset" 776
"../../../Engine/Plugins/Interchange/Assets/Content/gltf/MaterialInstances/MI_Unlit_Mask.uexp" 777
"../../../Engine/Plugins/Interchange/Assets/Content/gltf/MaterialInstances/MI_Unlit_Opaque.uexp" 778
"../../../Engine/Plugins/Interchange/Assets/Content/gltf/MaterialInstances/MI_Unlit_Opaque.uasset" 779
"../../../Engine/Plugins/Interchange/Assets/Content/gltf/MaterialInstances/MI_ClearCoat_Opaque.uexp" 780
"../../../Engine/Plugins/Interchange/Assets/Content/gltf/MaterialInstances/MI_ClearCoat_Opaque.uasset" 781
"../../../Engine/Plugins/Interchange/Assets/Content/gltf/MaterialInstances/MI_Transmission_DS.uexp" 782
"../../../Engine/Plugins/Interchange/Assets/Content/gltf/MaterialInstances/MI_Transmission_DS.uasset" 783
"../../../Engine/Plugins/Interchange/Assets/Content/gltf/MaterialInstances/MI_SpecularGlossiness_Opaque_DS.uexp" 784
"../../../Engine/Plugins/Interchange/Assets/Content/gltf/MaterialInstances/MI_SpecularGlossiness_Opaque_DS.uasset" 785
"../../../Engine/Plugins/Interchange/Assets/Content/gltf/MaterialInstances/MI_Unlit_Blend_DS.uexp" 786
"../../../Engine/Plugins/Interchange/Assets/Content/gltf/MaterialInstances/MI_Unlit_Blend_DS.uasset" 787
"../../../Engine/Plugins/Interchange/Assets/Content/gltf/MaterialInstances/MI_SpecularGlossiness_Opaque.uasset" 788
"../../../Engine/Plugins/Interchange/Assets/Content/gltf/MaterialInstances/MI_SpecularGlossiness_Opaque.uexp" 789
"../../../Engine/Plugins/Interchange/Assets/Content/gltf/MaterialInstances/MI_ClearCoat_Mask_DS.uexp" 790
"../../../Engine/Plugins/Interchange/Assets/Content/gltf/MaterialInstances/MI_ClearCoat_Mask_DS.uasset" 791
"../../../Engine/Plugins/Interchange/Assets/Content/gltf/MaterialInstances/MI_SpecularGlossiness_Mask.uexp" 792
"../../../Engine/Plugins/Interchange/Assets/Content/gltf/MaterialInstances/MI_SpecularGlossiness_Mask.uasset" 793
"../../../Engine/Plugins/Interchange/Assets/Content/gltf/MaterialInstances/MI_Sheen_Opaque_DS.uasset" 794
"../../../Engine/Plugins/Interchange/Assets/Content/gltf/MaterialInstances/MI_Sheen_Opaque_DS.uexp" 795
"../../../Engine/Plugins/Interchange/Assets/Content/gltf/MaterialInstances/MI_Unlit_Mask_DS.uasset" 796
"../../../Engine/Plugins/Interchange/Assets/Content/gltf/MaterialInstances/MI_Unlit_Mask_DS.uexp" 797
"../../../Engine/Plugins/Interchange/Assets/Content/gltf/MaterialInstances/MI_Sheen_Mask.uexp" 798
"../../../Engine/Plugins/Interchange/Assets/Content/gltf/MaterialInstances/MI_Sheen_Mask.uasset" 799
"../../../Engine/Plugins/Interchange/Assets/Content/gltf/MaterialInstances/MI_Unlit_Blend.uasset" 800
"../../../Engine/Plugins/Interchange/Assets/Content/gltf/MaterialInstances/MI_Unlit_Blend.uexp" 801
"../../../Engine/Plugins/Interchange/Assets/Content/gltf/MaterialBodies/MF_Default_Body.uasset" 802
"../../../Engine/Plugins/Interchange/Assets/Content/gltf/MaterialBodies/MF_Default_Body.uexp" 803
"../../../Engine/Plugins/Interchange/Assets/Content/gltf/M_Default.uasset" 804
"../../../Engine/Plugins/Interchange/Assets/Content/gltf/M_Default.uexp" 805
"../../../Engine/Plugins/Interchange/Assets/Content/gltf/MaterialInstances/MI_Default_Opaque_DS.uexp" 806
"../../../Engine/Plugins/Interchange/Assets/Content/gltf/MaterialInstances/MI_Default_Opaque_DS.uasset" 807
"../../../Engine/Plugins/Interchange/Assets/Content/gltf/MaterialInstances/MI_Default_Mask_DS.uexp" 808
"../../../Engine/Plugins/Interchange/Assets/Content/gltf/MaterialInstances/MI_Default_Mask_DS.uasset" 809
"../../../Engine/Plugins/Interchange/Assets/Content/gltf/MaterialInstances/MI_Sheen_Opaque.uasset" 810
"../../../Engine/Plugins/Interchange/Assets/Content/gltf/MaterialInstances/MI_Sheen_Opaque.uexp" 811
"../../../Engine/Plugins/Interchange/Assets/Content/gltf/MaterialInstances/MI_Sheen_Mask_DS.uasset" 812
"../../../Engine/Plugins/Interchange/Assets/Content/gltf/MaterialInstances/MI_Sheen_Mask_DS.uexp" 813
"../../../Engine/Plugins/Interchange/Assets/Content/gltf/MaterialInstances/MI_Unlit_Opaque_DS.uexp" 814
"../../../Engine/Plugins/Interchange/Assets/Content/gltf/MaterialInstances/MI_Unlit_Opaque_DS.uasset" 815
"../../../Engine/Plugins/Interchange/Assets/Content/gltf/MaterialInstances/MI_ClearCoat_Blend.uexp" 816
"../../../Engine/Plugins/Interchange/Assets/Content/gltf/MaterialInstances/MI_ClearCoat_Blend.uasset" 817
"../../../Engine/Plugins/Interchange/Assets/Content/gltf/MaterialInstances/MI_Default_Blend.uasset" 818
"../../../Engine/Plugins/Interchange/Assets/Content/gltf/MaterialInstances/MI_Default_Blend.uexp" 819
"../../../Engine/Plugins/Interchange/Assets/Content/gltf/MaterialInstances/MI_Default_Opaque.uexp" 820
"../../../Engine/Plugins/Interchange/Assets/Content/gltf/MaterialInstances/MI_Default_Opaque.uasset" 821
"../../../Engine/Plugins/Interchange/Assets/Content/gltf/MaterialInstances/MI_Default_Blend_DS.uexp" 822
"../../../Engine/Plugins/Interchange/Assets/Content/gltf/MaterialInstances/MI_Default_Blend_DS.uasset" 823
"../../../Engine/Plugins/Interchange/Assets/Content/gltf/MaterialInstances/MI_SpecularGlossiness_Blend.uasset" 824
"../../../Engine/Plugins/Interchange/Assets/Content/gltf/MaterialInstances/MI_SpecularGlossiness_Blend.uexp" 825
"../../../Engine/Plugins/Interchange/Assets/Content/gltf/MaterialInstances/MI_ClearCoat_Opaque_DS.uexp" 826
"../../../Engine/Plugins/Interchange/Assets/Content/gltf/MaterialInstances/MI_ClearCoat_Opaque_DS.uasset" 827
"../../../Engine/Plugins/Interchange/Assets/Content/gltf/MaterialInstances/MI_Sheen_Blend.uexp" 828
"../../../Engine/Plugins/Interchange/Assets/Content/gltf/MaterialInstances/MI_Sheen_Blend.uasset" 829
"../../../Engine/Plugins/Interchange/Assets/Content/gltf/MaterialInstances/MI_SpecularGlossiness_Blend_DS.uasset" 830
"../../../Engine/Plugins/Interchange/Assets/Content/gltf/MaterialInstances/MI_SpecularGlossiness_Blend_DS.uexp" 831
"../../../Engine/Plugins/Interchange/Assets/Content/gltf/MaterialInstances/MI_Default_Mask.uasset" 832
"../../../Engine/Plugins/Interchange/Assets/Content/gltf/MaterialInstances/MI_Default_Mask.uexp" 833
"../../../Engine/Content/Functions/Engine_MaterialFunctions01/Shading/PowerToRoughness.uexp" 834
"../../../Engine/Content/Functions/Engine_MaterialFunctions01/Shading/PowerToRoughness.uasset" 835
"../../../Engine/Content/EngineMaterials/Substrate/Volume/SubstrateSimpleVolumeEnvLUT3D.uexp" 836
"../../../Engine/Content/EngineMaterials/Substrate/Volume/SubstrateSimpleVolumeEnvLUT3D.uasset" 837
"../../../Engine/Content/EngineMaterials/Substrate/Volume/SubstrateSimpleVolumeLUT3D.uasset" 838
"../../../Engine/Content/EngineMaterials/Substrate/Volume/SubstrateSimpleVolumeLUT3D.uexp" 839
"../../../Engine/Content/EngineMaterials/Substrate/Glints2/AGlintTex2dArray2.uasset" 840
"../../../Engine/Content/EngineMaterials/Substrate/Glints2/AGlintTex2dArray2.uexp" 841
"../../../Engine/Content/EngineMaterials/Substrate/GLints/AGlintTex2dArray.uasset" 842
"../../../Engine/Content/EngineMaterials/Substrate/GLints/AGlintTex2dArray.uexp" 843
"../../../Engine/Content/ArtTools/RenderToTexture/Meshes/S_1_Unit_Plane.uexp" 844
"../../../Engine/Content/ArtTools/RenderToTexture/Meshes/S_1_Unit_Plane.ubulk" 845
"../../../Engine/Content/ArtTools/RenderToTexture/Meshes/S_1_Unit_Plane.uasset" 846
"../../../Engine/Content/EngineResources/LandscapeVisibilityLayerInfo.uexp" 847
"../../../Engine/Content/EngineResources/LandscapeVisibilityLayerInfo.uasset" 848
"../../../Engine/Plugins/NNE/NNEDenoiser/Content/NNED_Oidn2-3_Balanced_Alpha.uexp" 849
"../../../Engine/Plugins/NNE/NNEDenoiser/Content/NNED_Oidn2-3_Balanced_Alpha.uasset" 850
"../../../Engine/Plugins/NNE/NNEDenoiser/Content/NNED_Oidn2-3_Balanced.uasset" 851
"../../../Engine/Plugins/NNE/NNEDenoiser/Content/NNED_Oidn2-3_Balanced.uexp" 852
"../../../Engine/Plugins/NNE/NNEDenoiser/Content/NNED_Oidn2-3_HighQuality.uasset" 853
"../../../Engine/Plugins/NNE/NNEDenoiser/Content/NNED_Oidn2-3_HighQuality.uexp" 854
"../../../Engine/Plugins/NNE/NNEDenoiser/Content/NNED_Oidn2-3_Fast.uasset" 855
"../../../Engine/Plugins/NNE/NNEDenoiser/Content/NNED_Oidn2-3_Fast.uexp" 856
"../../../Engine/Plugins/NNE/NNEDenoiser/Content/NNEDT_Oidn2-3_Balanced.uexp" 857
"../../../Engine/Plugins/NNE/NNEDenoiser/Content/NNEDT_Oidn2-3_Balanced.uasset" 858
"../../../Engine/Plugins/NNE/NNEDenoiser/Content/NNED_Oidn2-3_HighQuality_Alpha.uasset" 859
"../../../Engine/Plugins/NNE/NNEDenoiser/Content/NNED_Oidn2-3_HighQuality_Alpha.uexp" 860
"../../../Engine/Plugins/NNE/NNEDenoiser/Content/NNEDT_Oidn2-3_Balanced_Alpha.uasset" 861
"../../../Engine/Plugins/NNE/NNEDenoiser/Content/NNEDT_Oidn2-3_Balanced_Alpha.uexp" 862
"../../../Engine/Plugins/NNE/NNEDenoiser/Content/NNED_Oidn2-3_Fast_Alpha.uasset" 863
"../../../Engine/Plugins/NNE/NNEDenoiser/Content/NNED_Oidn2-3_Fast_Alpha.uexp" 864
"../../../Engine/Plugins/Animation/DeformerGraph/Content/DeformerFunctions/DG_Function_LinearBlendSkin_Morph_Cloth.uexp" 865
"../../../Engine/Plugins/Animation/DeformerGraph/Content/DeformerFunctions/DG_Function_LinearBlendSkin_Morph_Cloth.uasset" 866
"../../../Engine/Plugins/Animation/DeformerGraph/Content/Deformers/DG_LinearBlendSkin_Morph_Cloth.uasset" 867
"../../../Engine/Plugins/Animation/DeformerGraph/Content/Deformers/DG_LinearBlendSkin_Morph_Cloth.uexp" 868
"../../../Engine/Plugins/Animation/DeformerGraph/Content/DeformerFunctions/DG_Function_LinearBlendSkin_Morph_Cloth_PositionOnly.uexp" 869
"../../../Engine/Plugins/Animation/DeformerGraph/Content/DeformerFunctions/DG_Function_LinearBlendSkin_Morph_Cloth_PositionOnly.uasset" 870
"../../../Engine/Plugins/Animation/DeformerGraph/Content/DeformerFunctions/DG_Function_ComputeNormalsTangents.uexp" 871
"../../../Engine/Plugins/Animation/DeformerGraph/Content/DeformerFunctions/DG_Function_ComputeNormalsTangents.uasset" 872
"../../../Engine/Plugins/Animation/DeformerGraph/Content/Deformers/DG_LinearBlendSkin_Morph_Cloth_RecomputeNormals.uasset" 873
"../../../Engine/Plugins/Animation/DeformerGraph/Content/Deformers/DG_LinearBlendSkin_Morph_Cloth_RecomputeNormals.uexp" 874
"../../../Engine/Content/VREditor/TransformGizmo/StartRotationHandleIndicator.ubulk" 875
"../../../Engine/Content/VREditor/TransformGizmo/StartRotationHandleIndicator.uexp" 876
"../../../Engine/Content/VREditor/TransformGizmo/StartRotationHandleIndicator.uasset" 877
"../../../Engine/Content/VREditor/TransformGizmo/TransformGizmoMaterial_Inst.uexp" 878
"../../../Engine/Content/VREditor/TransformGizmo/TransformGizmoMaterial_Inst.uasset" 879
"../../../Engine/Content/VREditor/TransformGizmo/TranslucentTransformGizmoMaterial_Inst.uexp" 880
"../../../Engine/Content/VREditor/TransformGizmo/TranslucentTransformGizmoMaterial_Inst.uasset" 881
"../../../Engine/Content/Functions/Engine_MaterialFunctions02/SplitComponents.uasset" 882
"../../../Engine/Content/Functions/Engine_MaterialFunctions02/SplitComponents.uexp" 883
"../../../Engine/Content/VREditor/SnapGrid/SnapGridMaterial.uasset" 884
"../../../Engine/Content/VREditor/SnapGrid/SnapGridMaterial.uexp" 885
"../../../Engine/Content/VREditor/SnapGrid/SnapGridPlaneMesh.uexp" 886
"../../../Engine/Content/VREditor/SnapGrid/SnapGridPlaneMesh.ubulk" 887
"../../../Engine/Content/VREditor/SnapGrid/SnapGridPlaneMesh.uasset" 888
"../../../Engine/Content/VREditor/Sounds/UI/Drop_Item_From_ContentBrowser.ubulk" 889
"../../../Engine/Content/VREditor/Sounds/UI/Drop_Item_From_ContentBrowser.uasset" 890
"../../../Engine/Content/VREditor/Sounds/UI/Drop_Item_From_ContentBrowser.uexp" 891
"../../../Engine/Content/VREditor/Sounds/UI/Gizmo_Handle_Clicked.uasset" 892
"../../../Engine/Content/VREditor/Sounds/UI/Gizmo_Handle_Clicked.uexp" 893
"../../../Engine/Content/VREditor/Sounds/UI/Gizmo_Handle_Clicked.ubulk" 894
"../../../Engine/Content/VREditor/Sounds/UI/Object_PickUp.ubulk" 895
"../../../Engine/Content/VREditor/Sounds/UI/Object_PickUp.uexp" 896
"../../../Engine/Content/VREditor/Sounds/UI/Object_PickUp.uasset" 897
"../../../Engine/Content/VREditor/Sounds/UI/Object_Snaps_To_Another_Actor.uasset" 898
"../../../Engine/Content/VREditor/Sounds/UI/Object_Snaps_To_Another_Actor.ubulk" 899
"../../../Engine/Content/VREditor/Sounds/UI/Object_Snaps_To_Another_Actor.uexp" 900
"../../../Engine/Content/VREditor/Sounds/UI/Object_Snaps_To_Grid.ubulk" 901
"../../../Engine/Content/VREditor/Sounds/UI/Object_Snaps_To_Grid.uasset" 902
"../../../Engine/Content/VREditor/Sounds/UI/Object_Snaps_To_Grid.uexp" 903
"../../../Engine/Content/VREditor/Sounds/UI/Scaling_Down.ubulk" 904
"../../../Engine/Content/VREditor/Sounds/UI/Scaling_Down.uexp" 905
"../../../Engine/Content/VREditor/Sounds/UI/Scaling_Down.uasset" 906
"../../../Engine/Content/VREditor/Sounds/UI/Scaling_Up.ubulk" 907
"../../../Engine/Content/VREditor/Sounds/UI/Scaling_Up.uasset" 908
"../../../Engine/Content/VREditor/Sounds/UI/Scaling_Up.uexp" 909
"../../../Engine/Content/VREditor/Sounds/UI/Selection_Changes.ubulk" 910
"../../../Engine/Content/VREditor/Sounds/UI/Selection_Changes.uasset" 911
"../../../Engine/Content/VREditor/Sounds/UI/Selection_Changes.uexp" 912
"../../../Engine/Content/VREditor/TransformGizmo/PlaneTranslationHandle.ubulk" 913
"../../../Engine/Content/VREditor/TransformGizmo/PlaneTranslationHandle.uasset" 914
"../../../Engine/Content/VREditor/TransformGizmo/PlaneTranslationHandle.uexp" 915
"../../../Engine/Content/VREditor/TransformGizmo/RotationHandleFull.uexp" 916
"../../../Engine/Content/VREditor/TransformGizmo/RotationHandleFull.ubulk" 917
"../../../Engine/Content/VREditor/TransformGizmo/RotationHandleFull.uasset" 918
"../../../Engine/Content/VREditor/TransformGizmo/RotationHandleIndicator.uexp" 919
"../../../Engine/Content/VREditor/TransformGizmo/RotationHandleIndicator.ubulk" 920
"../../../Engine/Content/VREditor/TransformGizmo/RotationHandleIndicator.uasset" 921
"../../../Engine/Content/VREditor/TransformGizmo/RotationHandleQuarter.uasset" 922
"../../../Engine/Content/VREditor/TransformGizmo/RotationHandleQuarter.ubulk" 923
"../../../Engine/Content/VREditor/TransformGizmo/RotationHandleQuarter.uexp" 924
"../../../Engine/Content/VREditor/TransformGizmo/TransformGizmoFreeRotation.ubulk" 925
"../../../Engine/Content/VREditor/TransformGizmo/TransformGizmoFreeRotation.uasset" 926
"../../../Engine/Content/VREditor/TransformGizmo/TransformGizmoFreeRotation.uexp" 927
"../../../Engine/Content/VREditor/TransformGizmo/TranslateArrowHandle.ubulk" 928
"../../../Engine/Content/VREditor/TransformGizmo/TranslateArrowHandle.uasset" 929
"../../../Engine/Content/VREditor/TransformGizmo/TranslateArrowHandle.uexp" 930
"../../../Engine/Content/VREditor/TransformGizmo/UniformScaleHandle.ubulk" 931
"../../../Engine/Content/VREditor/TransformGizmo/UniformScaleHandle.uasset" 932
"../../../Engine/Content/VREditor/TransformGizmo/UniformScaleHandle.uexp" 933
"../../../Engine/Content/BasicShapes/Cube.ubulk" 934
"../../../Engine/Content/BasicShapes/Cube.uasset" 935
"../../../Engine/Content/BasicShapes/Cube.uexp" 936
"../../../Engine/Content/BasicShapes/BasicShapeMaterial.uexp" 937
"../../../Engine/Content/BasicShapes/BasicShapeMaterial.uasset" 938
"../../../Engine/Content/BasicShapes/Plane.ubulk" 939
"../../../Engine/Content/BasicShapes/Plane.uasset" 940
"../../../Engine/Content/BasicShapes/Plane.uexp" 941
"/Users/fernandezd/Documents/GitHub/SkyMage/SkyMage/Content/FirstPerson/Blueprints/WallRunMaterial.uasset" 942
"/Users/fernandezd/Documents/GitHub/SkyMage/SkyMage/Content/FirstPerson/Blueprints/WallRunMaterial.uexp" 943
"/Users/fernandezd/Documents/GitHub/SkyMage/SkyMage/Content/FirstPerson/Blueprints/BP_WallForRunning.uexp" 944
"/Users/fernandezd/Documents/GitHub/SkyMage/SkyMage/Content/FirstPerson/Blueprints/BP_WallForRunning.uasset" 945
"../../../Engine/Content/BasicShapes/Cylinder.uasset" 946
"../../../Engine/Content/BasicShapes/Cylinder.ubulk" 947
"../../../Engine/Content/BasicShapes/Cylinder.uexp" 948
"/Users/fernandezd/Documents/GitHub/SkyMage/SkyMage/Content/FirstPerson/Blueprints/RespawnMaterial.uasset" 949
"/Users/fernandezd/Documents/GitHub/SkyMage/SkyMage/Content/FirstPerson/Blueprints/RespawnMaterial.uexp" 950
"/Users/fernandezd/Documents/GitHub/SkyMage/SkyMage/Content/FirstPerson/Blueprints/RespawnPoint.uexp" 951
"/Users/fernandezd/Documents/GitHub/SkyMage/SkyMage/Content/FirstPerson/Blueprints/RespawnPoint.uasset" 952
"../../../Engine/Plugins/FX/Niagara/Content/DefaultAssets/DefaultSpriteMaterial.uexp" 953
"../../../Engine/Plugins/FX/Niagara/Content/DefaultAssets/DefaultSpriteMaterial.uasset" 954
"../../../Engine/Plugins/Interchange/Assets/Content/Functions/MF_PhongToMetalRoughness.uexp" 955
"../../../Engine/Plugins/Interchange/Assets/Content/Functions/MF_PhongToMetalRoughness.uasset" 956
"/Users/fernandezd/Documents/GitHub/SkyMage/SkyMage/Content/ArtistDropbox/Material.uexp" 957
"/Users/fernandezd/Documents/GitHub/SkyMage/SkyMage/Content/ArtistDropbox/Material.uasset" 958
"/Users/fernandezd/Documents/GitHub/SkyMage/SkyMage/Content/LevelPrototyping/Materials/MI_PrototypeGrid_Gray.uexp" 959
"/Users/fernandezd/Documents/GitHub/SkyMage/SkyMage/Content/LevelPrototyping/Materials/MI_PrototypeGrid_Gray.uasset" 960
"/Users/fernandezd/Documents/GitHub/SkyMage/SkyMage/Content/LevelPrototyping/Meshes/SM_Cube.ubulk" 961
"/Users/fernandezd/Documents/GitHub/SkyMage/SkyMage/Content/LevelPrototyping/Meshes/SM_Cube.uexp" 962
"/Users/fernandezd/Documents/GitHub/SkyMage/SkyMage/Content/LevelPrototyping/Meshes/SM_Cube.uasset" 963
"/Users/fernandezd/Documents/GitHub/SkyMage/SkyMage/Content/VFX/NA_Systems/NS_CubeEX.uasset" 964
"/Users/fernandezd/Documents/GitHub/SkyMage/SkyMage/Content/VFX/NA_Systems/NS_CubeEX.uexp" 965
"/Users/fernandezd/Documents/GitHub/SkyMage/SkyMage/Content/ArtistDropbox/BasicCube.uasset" 966
"/Users/fernandezd/Documents/GitHub/SkyMage/SkyMage/Content/ArtistDropbox/BasicCube.ubulk" 967
"/Users/fernandezd/Documents/GitHub/SkyMage/SkyMage/Content/ArtistDropbox/BasicCube.uexp" 968
"/Users/fernandezd/Documents/GitHub/SkyMage/SkyMage/Content/VFX/NA_Systems/NS_FireCubes.uexp" 969
"/Users/fernandezd/Documents/GitHub/SkyMage/SkyMage/Content/VFX/NA_Systems/NS_FireCubes.uasset" 970
"/Users/fernandezd/Documents/GitHub/SkyMage/SkyMage/Content/ArtistDropbox/Glass.uexp" 971
"/Users/fernandezd/Documents/GitHub/SkyMage/SkyMage/Content/ArtistDropbox/Glass.uasset" 972
"/Users/fernandezd/Documents/GitHub/SkyMage/SkyMage/Content/ArtistDropbox/Turret_Skeleton.uasset" 973
"/Users/fernandezd/Documents/GitHub/SkyMage/SkyMage/Content/ArtistDropbox/Turret_Skeleton.uexp" 974
"../../../Engine/Content/EngineResources/DefaultTexture.uasset" 975
"../../../Engine/Content/EngineResources/DefaultTexture.uexp" 976
"../../../Engine/Content/EngineResources/DefaultTexture.ubulk" 977
"/Users/fernandezd/Documents/GitHub/SkyMage/SkyMage/Content/ArtistDropbox/Baseplate.uexp" 978
"/Users/fernandezd/Documents/GitHub/SkyMage/SkyMage/Content/ArtistDropbox/Baseplate.uasset" 979
"/Users/fernandezd/Documents/GitHub/SkyMage/SkyMage/Content/ArtistDropbox/Turret_PhysicsAsset.uasset" 980
"/Users/fernandezd/Documents/GitHub/SkyMage/SkyMage/Content/ArtistDropbox/Turret_PhysicsAsset.uexp" 981
"/Users/fernandezd/Documents/GitHub/SkyMage/SkyMage/Content/ArtistDropbox/Crystal.uexp" 982
"/Users/fernandezd/Documents/GitHub/SkyMage/SkyMage/Content/ArtistDropbox/Crystal.uasset" 983
"/Users/fernandezd/Documents/GitHub/SkyMage/SkyMage/Content/ArtistDropbox/Frame.uasset" 984
"/Users/fernandezd/Documents/GitHub/SkyMage/SkyMage/Content/ArtistDropbox/Frame.uexp" 985
"/Users/fernandezd/Documents/GitHub/SkyMage/SkyMage/Content/ArtistDropbox/Turret.uexp" 986
"/Users/fernandezd/Documents/GitHub/SkyMage/SkyMage/Content/ArtistDropbox/Turret.uasset" 987
"/Users/fernandezd/Documents/GitHub/SkyMage/SkyMage/Content/Turret/BP_Turret.uasset" 988
"/Users/fernandezd/Documents/GitHub/SkyMage/SkyMage/Content/Turret/BP_Turret.uexp" 989
"/Users/fernandezd/Documents/GitHub/SkyMage/SkyMage/Content/Input/Actions/IA_MouseLook.uasset" 990
"/Users/fernandezd/Documents/GitHub/SkyMage/SkyMage/Content/Input/Actions/IA_MouseLook.uexp" 991
"/Users/fernandezd/Documents/GitHub/SkyMage/SkyMage/Content/Input/IMC_MouseLook.uexp" 992
"/Users/fernandezd/Documents/GitHub/SkyMage/SkyMage/Content/Input/IMC_MouseLook.uasset" 993
"/Users/fernandezd/Documents/GitHub/SkyMage/SkyMage/Content/Input/Actions/IA_SprintEnd.uexp" 994
"/Users/fernandezd/Documents/GitHub/SkyMage/SkyMage/Content/Input/Actions/IA_SprintEnd.uasset" 995
"/Users/fernandezd/Documents/GitHub/SkyMage/SkyMage/Content/Input/Actions/IA_Sprint.uasset" 996
"/Users/fernandezd/Documents/GitHub/SkyMage/SkyMage/Content/Input/Actions/IA_Sprint.uexp" 997
"/Users/fernandezd/Documents/GitHub/SkyMage/SkyMage/Content/Input/Actions/IA_Look.uexp" 998
"/Users/fernandezd/Documents/GitHub/SkyMage/SkyMage/Content/Input/Actions/IA_Look.uasset" 999
"/Users/fernandezd/Documents/GitHub/SkyMage/SkyMage/Content/Input/Actions/IA_Jump.uexp" 1000
"/Users/fernandezd/Documents/GitHub/SkyMage/SkyMage/Content/Input/Actions/IA_Jump.uasset" 1001
"/Users/fernandezd/Documents/GitHub/SkyMage/SkyMage/Content/Input/Actions/Spellcasting.uexp" 1002
"/Users/fernandezd/Documents/GitHub/SkyMage/SkyMage/Content/Input/Actions/Spellcasting.uasset" 1003
"/Users/fernandezd/Documents/GitHub/SkyMage/SkyMage/Content/Input/Actions/IA_Move.uasset" 1004
"/Users/fernandezd/Documents/GitHub/SkyMage/SkyMage/Content/Input/Actions/IA_Move.uexp" 1005
"/Users/fernandezd/Documents/GitHub/SkyMage/SkyMage/Content/Input/IMC_Default.uexp" 1006
"/Users/fernandezd/Documents/GitHub/SkyMage/SkyMage/Content/Input/IMC_Default.uasset" 1007
"/Users/fernandezd/Documents/GitHub/SkyMage/SkyMage/Content/Input/Touch/BPI_TouchInterface.uexp" 1008
"/Users/fernandezd/Documents/GitHub/SkyMage/SkyMage/Content/Input/Touch/BPI_TouchInterface.uasset" 1009
"../../../Engine/Content/MobileResources/HUD/VirtualJoystick_Background.uexp" 1010
"../../../Engine/Content/MobileResources/HUD/VirtualJoystick_Background.uasset" 1011
"../../../Engine/Content/MobileResources/HUD/VirtualJoystick_Thumb.uasset" 1012
"../../../Engine/Content/MobileResources/HUD/VirtualJoystick_Thumb.uexp" 1013
"/Users/fernandezd/Documents/GitHub/SkyMage/SkyMage/Content/Input/Touch/UI_Thumbstick.uasset" 1014
"/Users/fernandezd/Documents/GitHub/SkyMage/SkyMage/Content/Input/Touch/UI_Thumbstick.uexp" 1015
"/Users/fernandezd/Documents/GitHub/SkyMage/SkyMage/Content/Input/Touch/UI_TouchSimple.uasset" 1016
"/Users/fernandezd/Documents/GitHub/SkyMage/SkyMage/Content/Input/Touch/UI_TouchSimple.uexp" 1017
"/Users/fernandezd/Documents/GitHub/SkyMage/SkyMage/Content/FirstPerson/Blueprints/BP_FirstPersonCameraManager.uasset" 1018
"/Users/fernandezd/Documents/GitHub/SkyMage/SkyMage/Content/FirstPerson/Blueprints/BP_FirstPersonCameraManager.uexp" 1019
"/Users/fernandezd/Documents/GitHub/SkyMage/SkyMage/Content/FirstPerson/Blueprints/BP_FirstPersonPlayerController.uasset" 1020
"/Users/fernandezd/Documents/GitHub/SkyMage/SkyMage/Content/FirstPerson/Blueprints/BP_FirstPersonPlayerController.uexp" 1021
"/Users/fernandezd/Documents/GitHub/SkyMage/SkyMage/Content/FirstPerson/Blueprints/BP_FirstPersonGameMode.uexp" 1022
"/Users/fernandezd/Documents/GitHub/SkyMage/SkyMage/Content/FirstPerson/Blueprints/BP_FirstPersonGameMode.uasset" 1023
"/Users/fernandezd/Documents/GitHub/SkyMage/SkyMage/Content/UI/Health.uexp" 1024
"/Users/fernandezd/Documents/GitHub/SkyMage/SkyMage/Content/UI/Health.uasset" 1025
"/Users/fernandezd/Documents/GitHub/SkyMage/SkyMage/Content/UI/image0.uexp" 1026
"/Users/fernandezd/Documents/GitHub/SkyMage/SkyMage/Content/UI/image0.uasset" 1027
"/Users/fernandezd/Documents/GitHub/SkyMage/SkyMage/Content/UI/image2.uexp" 1028
"/Users/fernandezd/Documents/GitHub/SkyMage/SkyMage/Content/UI/image2.uasset" 1029
"/Users/fernandezd/Documents/GitHub/SkyMage/SkyMage/Content/UI/Health-2.uexp" 1030
"/Users/fernandezd/Documents/GitHub/SkyMage/SkyMage/Content/UI/Health-2.uasset" 1031
"/Users/fernandezd/Documents/GitHub/SkyMage/SkyMage/Content/UI/HealthWidget.uexp" 1032
"/Users/fernandezd/Documents/GitHub/SkyMage/SkyMage/Content/UI/HealthWidget.uasset" 1033
"/Users/fernandezd/Documents/GitHub/SkyMage/SkyMage/Content/FirstPerson/Blueprints/ExplosionProjectile.uasset" 1034
"/Users/fernandezd/Documents/GitHub/SkyMage/SkyMage/Content/FirstPerson/Blueprints/ExplosionProjectile.uexp" 1035
"../../../Engine/Plugins/Animation/ControlRig/Content/Controls/DefaultGizmoLibraryNormalized.uexp" 1036
"../../../Engine/Plugins/Animation/ControlRig/Content/Controls/DefaultGizmoLibraryNormalized.uasset" 1037
"/Users/fernandezd/Documents/GitHub/SkyMage/SkyMage/Content/FirstPerson/Anims/CtrlRig_FPWarp.uasset" 1038
"/Users/fernandezd/Documents/GitHub/SkyMage/SkyMage/Content/FirstPerson/Anims/CtrlRig_FPWarp.uexp" 1039
"/Users/fernandezd/Documents/GitHub/SkyMage/SkyMage/Content/Characters/Mannequins/Meshes/SK_Mannequin.uasset" 1040
"/Users/fernandezd/Documents/GitHub/SkyMage/SkyMage/Content/Characters/Mannequins/Meshes/SK_Mannequin.uexp" 1041
"/Users/fernandezd/Documents/GitHub/SkyMage/SkyMage/Content/FirstPerson/Anims/ABP_FP_Copy.uexp" 1042
"/Users/fernandezd/Documents/GitHub/SkyMage/SkyMage/Content/FirstPerson/Anims/ABP_FP_Copy.uasset" 1043
"/Users/fernandezd/Documents/GitHub/SkyMage/SkyMage/Content/Characters/Mannequins/Rigs/CR_Mannequin_FootIK.uexp" 1044
"/Users/fernandezd/Documents/GitHub/SkyMage/SkyMage/Content/Characters/Mannequins/Rigs/CR_Mannequin_FootIK.uasset" 1045
"../../../Engine/Content/Animation/DefaultVariableFrameStrippingSettings.uexp" 1046
"../../../Engine/Content/Animation/DefaultVariableFrameStrippingSettings.uasset" 1047
"../../../Engine/Content/Animation/DefaultAnimBoneCompressionSettings.uasset" 1048
"../../../Engine/Content/Animation/DefaultAnimBoneCompressionSettings.uexp" 1049
"../../../Engine/Content/Animation/DefaultAnimCurveCompressionSettings.uasset" 1050
"../../../Engine/Content/Animation/DefaultAnimCurveCompressionSettings.uexp" 1051
"/Users/fernandezd/Documents/GitHub/SkyMage/SkyMage/Content/Characters/Mannequins/Anims/Unarmed/MM_Idle.uexp" 1052
"/Users/fernandezd/Documents/GitHub/SkyMage/SkyMage/Content/Characters/Mannequins/Anims/Unarmed/MM_Idle.uasset" 1053
"../../../Engine/Plugins/Animation/ACLPlugin/Content/ACLAnimCurveCompressionSettings.uasset" 1054
"../../../Engine/Plugins/Animation/ACLPlugin/Content/ACLAnimCurveCompressionSettings.uexp" 1055
"../../../Engine/Content/Animation/DefaultRecorderBoneCompression.uexp" 1056
"../../../Engine/Content/Animation/DefaultRecorderBoneCompression.uasset" 1057
"/Users/fernandezd/Documents/GitHub/SkyMage/SkyMage/Content/Characters/Mannequins/Anims/Unarmed/Walk/MF_Unarmed_Walk_Fwd_Right.uexp" 1058
"/Users/fernandezd/Documents/GitHub/SkyMage/SkyMage/Content/Characters/Mannequins/Anims/Unarmed/Walk/MF_Unarmed_Walk_Fwd_Right.uasset" 1059
"/Users/fernandezd/Documents/GitHub/SkyMage/SkyMage/Content/Characters/Mannequins/Anims/Unarmed/Walk/MF_Unarmed_Walk_Fwd.uexp" 1060
"/Users/fernandezd/Documents/GitHub/SkyMage/SkyMage/Content/Characters/Mannequins/Anims/Unarmed/Walk/MF_Unarmed_Walk_Fwd.uasset" 1061
"/Users/fernandezd/Documents/GitHub/SkyMage/SkyMage/Content/Characters/Mannequins/Anims/Unarmed/Walk/MF_Unarmed_Walk_Right.uexp" 1062
"/Users/fernandezd/Documents/GitHub/SkyMage/SkyMage/Content/Characters/Mannequins/Anims/Unarmed/Walk/MF_Unarmed_Walk_Right.uasset" 1063
"/Users/fernandezd/Documents/GitHub/SkyMage/SkyMage/Content/Characters/Mannequins/Anims/Unarmed/Walk/MF_Unarmed_Walk_Left.uexp" 1064
"/Users/fernandezd/Documents/GitHub/SkyMage/SkyMage/Content/Characters/Mannequins/Anims/Unarmed/Walk/MF_Unarmed_Walk_Left.uasset" 1065
"/Users/fernandezd/Documents/GitHub/SkyMage/SkyMage/Content/Characters/Mannequins/Anims/Unarmed/Walk/MF_Unarmed_Walk_Bwd_Right.uexp" 1066
"/Users/fernandezd/Documents/GitHub/SkyMage/SkyMage/Content/Characters/Mannequins/Anims/Unarmed/Walk/MF_Unarmed_Walk_Bwd_Right.uasset" 1067
"/Users/fernandezd/Documents/GitHub/SkyMage/SkyMage/Content/Characters/Mannequins/Anims/Unarmed/Walk/MF_Unarmed_Walk_Bwd.uasset" 1068
"/Users/fernandezd/Documents/GitHub/SkyMage/SkyMage/Content/Characters/Mannequins/Anims/Unarmed/Walk/MF_Unarmed_Walk_Bwd.uexp" 1069
"/Users/fernandezd/Documents/GitHub/SkyMage/SkyMage/Content/Characters/Mannequins/Anims/Unarmed/Walk/MF_Unarmed_Walk_Fwd_Left.uasset" 1070
"/Users/fernandezd/Documents/GitHub/SkyMage/SkyMage/Content/Characters/Mannequins/Anims/Unarmed/Walk/MF_Unarmed_Walk_Fwd_Left.uexp" 1071
"/Users/fernandezd/Documents/GitHub/SkyMage/SkyMage/Content/Characters/Mannequins/Anims/Unarmed/Walk/MF_Unarmed_Walk_Bwd_Left.uasset" 1072
"/Users/fernandezd/Documents/GitHub/SkyMage/SkyMage/Content/Characters/Mannequins/Anims/Unarmed/Walk/MF_Unarmed_Walk_Bwd_Left.uexp" 1073
"/Users/fernandezd/Documents/GitHub/SkyMage/SkyMage/Content/Characters/Mannequins/Anims/Unarmed/Jog/MF_Unarmed_Jog_Fwd.uexp" 1074
"/Users/fernandezd/Documents/GitHub/SkyMage/SkyMage/Content/Characters/Mannequins/Anims/Unarmed/Jog/MF_Unarmed_Jog_Fwd.uasset" 1075
"/Users/fernandezd/Documents/GitHub/SkyMage/SkyMage/Content/Characters/Mannequins/Anims/Unarmed/Jog/MF_Unarmed_Jog_Left.uexp" 1076
"/Users/fernandezd/Documents/GitHub/SkyMage/SkyMage/Content/Characters/Mannequins/Anims/Unarmed/Jog/MF_Unarmed_Jog_Left.uasset" 1077
"/Users/fernandezd/Documents/GitHub/SkyMage/SkyMage/Content/Characters/Mannequins/Anims/Unarmed/Jog/MF_Unarmed_Jog_Right.uexp" 1078
"/Users/fernandezd/Documents/GitHub/SkyMage/SkyMage/Content/Characters/Mannequins/Anims/Unarmed/Jog/MF_Unarmed_Jog_Right.uasset" 1079
"/Users/fernandezd/Documents/GitHub/SkyMage/SkyMage/Content/Characters/Mannequins/Anims/Unarmed/Jog/MF_Unarmed_Jog_Bwd_Right.uasset" 1080
"/Users/fernandezd/Documents/GitHub/SkyMage/SkyMage/Content/Characters/Mannequins/Anims/Unarmed/Jog/MF_Unarmed_Jog_Bwd_Right.uexp" 1081
"/Users/fernandezd/Documents/GitHub/SkyMage/SkyMage/Content/Characters/Mannequins/Anims/Unarmed/Jog/MF_Unarmed_Jog_Fwd_Right.uasset" 1082
"/Users/fernandezd/Documents/GitHub/SkyMage/SkyMage/Content/Characters/Mannequins/Anims/Unarmed/Jog/MF_Unarmed_Jog_Fwd_Right.uexp" 1083
"/Users/fernandezd/Documents/GitHub/SkyMage/SkyMage/Content/Characters/Mannequins/Anims/Unarmed/Jog/MF_Unarmed_Jog_Bwd.uasset" 1084
"/Users/fernandezd/Documents/GitHub/SkyMage/SkyMage/Content/Characters/Mannequins/Anims/Unarmed/Jog/MF_Unarmed_Jog_Bwd.uexp" 1085
"/Users/fernandezd/Documents/GitHub/SkyMage/SkyMage/Content/Characters/Mannequins/Anims/Unarmed/Jog/MF_Unarmed_Jog_Bwd_Left.uasset" 1086
"/Users/fernandezd/Documents/GitHub/SkyMage/SkyMage/Content/Characters/Mannequins/Anims/Unarmed/Jog/MF_Unarmed_Jog_Bwd_Left.uexp" 1087
"/Users/fernandezd/Documents/GitHub/SkyMage/SkyMage/Content/Characters/Mannequins/Anims/Unarmed/Jog/MF_Unarmed_Jog_Fwd_Left.uasset" 1088
"/Users/fernandezd/Documents/GitHub/SkyMage/SkyMage/Content/Characters/Mannequins/Anims/Unarmed/Jog/MF_Unarmed_Jog_Fwd_Left.uexp" 1089
"/Users/fernandezd/Documents/GitHub/SkyMage/SkyMage/Content/Characters/Mannequins/Anims/Unarmed/BS_Idle_Walk_Run.uexp" 1090
"/Users/fernandezd/Documents/GitHub/SkyMage/SkyMage/Content/Characters/Mannequins/Anims/Unarmed/BS_Idle_Walk_Run.uasset" 1091
"/Users/fernandezd/Documents/GitHub/SkyMage/SkyMage/Content/Characters/Mannequins/Anims/Unarmed/Jump/MM_Fall_Loop.uexp" 1092
"/Users/fernandezd/Documents/GitHub/SkyMage/SkyMage/Content/Characters/Mannequins/Anims/Unarmed/Jump/MM_Fall_Loop.uasset" 1093
"/Users/fernandezd/Documents/GitHub/SkyMage/SkyMage/Content/Characters/Mannequins/Anims/Unarmed/Jump/MM_Jump.uasset" 1094
"/Users/fernandezd/Documents/GitHub/SkyMage/SkyMage/Content/Characters/Mannequins/Anims/Unarmed/Jump/MM_Jump.uexp" 1095
"/Users/fernandezd/Documents/GitHub/SkyMage/SkyMage/Content/Characters/Mannequins/Anims/Unarmed/Jump/MM_Land.uexp" 1096
"/Users/fernandezd/Documents/GitHub/SkyMage/SkyMage/Content/Characters/Mannequins/Anims/Unarmed/Jump/MM_Land.uasset" 1097
"/Users/fernandezd/Documents/GitHub/SkyMage/SkyMage/Content/Characters/Mannequins/Anims/Unarmed/ABP_Unarmed.uexp" 1098
"/Users/fernandezd/Documents/GitHub/SkyMage/SkyMage/Content/Characters/Mannequins/Anims/Unarmed/ABP_Unarmed.uasset" 1099
"/Users/fernandezd/Documents/GitHub/SkyMage/SkyMage/Content/Characters/Mannequins/Rigs/PA_Mannequin.uasset" 1100
"/Users/fernandezd/Documents/GitHub/SkyMage/SkyMage/Content/Characters/Mannequins/Rigs/PA_Mannequin.uexp" 1101
"/Users/fernandezd/Documents/GitHub/SkyMage/SkyMage/Content/Characters/Mannequins/Textures/Shared/T_UE_Logo_M.uasset" 1102
"/Users/fernandezd/Documents/GitHub/SkyMage/SkyMage/Content/Characters/Mannequins/Textures/Shared/T_UE_Logo_M.uexp" 1103
"/Users/fernandezd/Documents/GitHub/SkyMage/SkyMage/Content/Characters/Mannequins/Textures/Manny/T_Manny_01_BN.ubulk" 1104
"/Users/fernandezd/Documents/GitHub/SkyMage/SkyMage/Content/Characters/Mannequins/Textures/Manny/T_Manny_01_BN.uexp" 1105
"/Users/fernandezd/Documents/GitHub/SkyMage/SkyMage/Content/Characters/Mannequins/Textures/Manny/T_Manny_01_BN.uasset" 1106
"/Users/fernandezd/Documents/GitHub/SkyMage/SkyMage/Content/Characters/Mannequins/Textures/Manny/T_Manny_01_D.ubulk" 1107
"/Users/fernandezd/Documents/GitHub/SkyMage/SkyMage/Content/Characters/Mannequins/Textures/Manny/T_Manny_01_D.uexp" 1108
"/Users/fernandezd/Documents/GitHub/SkyMage/SkyMage/Content/Characters/Mannequins/Textures/Manny/T_Manny_01_D.uasset" 1109
"/Users/fernandezd/Documents/GitHub/SkyMage/SkyMage/Content/Characters/Mannequins/Textures/Manny/T_Manny_01_MRA.ubulk" 1110
"/Users/fernandezd/Documents/GitHub/SkyMage/SkyMage/Content/Characters/Mannequins/Textures/Manny/T_Manny_01_MRA.uexp" 1111
"/Users/fernandezd/Documents/GitHub/SkyMage/SkyMage/Content/Characters/Mannequins/Textures/Manny/T_Manny_01_MRA.uasset" 1112
"/Users/fernandezd/Documents/GitHub/SkyMage/SkyMage/Content/Characters/Mannequins/Materials/M_Mannequin.uexp" 1113
"/Users/fernandezd/Documents/GitHub/SkyMage/SkyMage/Content/Characters/Mannequins/Materials/M_Mannequin.uasset" 1114
"/Users/fernandezd/Documents/GitHub/SkyMage/SkyMage/Content/Characters/Mannequins/Materials/Manny/MI_Manny_01_New.uasset" 1115
"/Users/fernandezd/Documents/GitHub/SkyMage/SkyMage/Content/Characters/Mannequins/Materials/Manny/MI_Manny_01_New.uexp" 1116
"/Users/fernandezd/Documents/GitHub/SkyMage/SkyMage/Content/Characters/Mannequins/Textures/Manny/T_Manny_02_MRA.uasset" 1117
"/Users/fernandezd/Documents/GitHub/SkyMage/SkyMage/Content/Characters/Mannequins/Textures/Manny/T_Manny_02_MRA.ubulk" 1118
"/Users/fernandezd/Documents/GitHub/SkyMage/SkyMage/Content/Characters/Mannequins/Textures/Manny/T_Manny_02_MRA.uexp" 1119
"/Users/fernandezd/Documents/GitHub/SkyMage/SkyMage/Content/Characters/Mannequins/Textures/Manny/T_Manny_02_BN.uasset" 1120
"/Users/fernandezd/Documents/GitHub/SkyMage/SkyMage/Content/Characters/Mannequins/Textures/Manny/T_Manny_02_BN.uexp" 1121
"/Users/fernandezd/Documents/GitHub/SkyMage/SkyMage/Content/Characters/Mannequins/Textures/Manny/T_Manny_02_BN.ubulk" 1122
"/Users/fernandezd/Documents/GitHub/SkyMage/SkyMage/Content/Characters/Mannequins/Textures/Manny/T_Manny_02_D.ubulk" 1123
"/Users/fernandezd/Documents/GitHub/SkyMage/SkyMage/Content/Characters/Mannequins/Textures/Manny/T_Manny_02_D.uasset" 1124
"/Users/fernandezd/Documents/GitHub/SkyMage/SkyMage/Content/Characters/Mannequins/Textures/Manny/T_Manny_02_D.uexp" 1125
"/Users/fernandezd/Documents/GitHub/SkyMage/SkyMage/Content/Characters/Mannequins/Materials/Manny/MI_Manny_02_New.uasset" 1126
"/Users/fernandezd/Documents/GitHub/SkyMage/SkyMage/Content/Characters/Mannequins/Materials/Manny/MI_Manny_02_New.uexp" 1127
"/Users/fernandezd/Documents/GitHub/SkyMage/SkyMage/Content/Characters/Mannequins/Meshes/SKM_Manny_Simple.uexp" 1128
"/Users/fernandezd/Documents/GitHub/SkyMage/SkyMage/Content/Characters/Mannequins/Meshes/SKM_Manny_Simple.uasset" 1129
"/Users/fernandezd/Documents/GitHub/SkyMage/SkyMage/Content/FirstPerson/Blueprints/BP_FirstPersonCharacter.uasset" 1130
"/Users/fernandezd/Documents/GitHub/SkyMage/SkyMage/Content/FirstPerson/Blueprints/BP_FirstPersonCharacter.uexp" 1131
"../../../Engine/Content/EditorMaterials/GreyCheck.uasset" 1132
"../../../Engine/Content/EditorMaterials/GreyCheck.uexp" 1133
"../../../Engine/Content/EditorMaterials/CheckMaterial.uexp" 1134
"../../../Engine/Content/EditorMaterials/CheckMaterial.uasset" 1135
"/Users/fernandezd/Documents/GitHub/SkyMage/SkyMage/Content/FirstPerson/Blueprints/CheckpointSpacialTrigger.uasset" 1136
"/Users/fernandezd/Documents/GitHub/SkyMage/SkyMage/Content/FirstPerson/Blueprints/CheckpointSpacialTrigger.uexp" 1137
"../../../Engine/Content/VREditor/BasicMeshes/T_CleanFloorGrunge_01_D.ubulk" 1138
"../../../Engine/Content/VREditor/BasicMeshes/T_CleanFloorGrunge_01_D.uexp" 1139
"../../../Engine/Content/VREditor/BasicMeshes/T_CleanFloorGrunge_01_D.uasset" 1140
"../../../Engine/Content/VREditor/BasicMeshes/M_Floor_01.uasset" 1141
"../../../Engine/Content/VREditor/BasicMeshes/M_Floor_01.uexp" 1142
"../../../Engine/Content/VREditor/BasicMeshes/MI_Cube_03.uexp" 1143
"../../../Engine/Content/VREditor/BasicMeshes/MI_Cube_03.uasset" 1144
"/Users/fernandezd/Documents/GitHub/SkyMage/SkyMage/Content/FirstPerson/Blueprints/KillBrick.uexp" 1145
"/Users/fernandezd/Documents/GitHub/SkyMage/SkyMage/Content/FirstPerson/Blueprints/KillBrick.uasset" 1146
"/Users/fernandezd/Documents/GitHub/SkyMage/SkyMage/Content/FirstPerson/Blueprints/cylinderforwallrun.uexp" 1147
"/Users/fernandezd/Documents/GitHub/SkyMage/SkyMage/Content/FirstPerson/Blueprints/cylinderforwallrun.uasset" 1148
"/Users/fernandezd/Documents/GitHub/SkyMage/SkyMage/Content/Levels/NewWorld1.umap" 1149
"/Users/fernandezd/Documents/GitHub/SkyMage/SkyMage/Content/Levels/NewWorld1.uexp" 1150
"../../../Engine/Content/EngineSky/VolumetricClouds/VT_PerlinWorley_Balanced.uexp" 1151
"../../../Engine/Content/EngineSky/VolumetricClouds/VT_PerlinWorley_Balanced.uasset" 1152
"../../../Engine/Content/EngineSky/VolumetricClouds/T_CloudPattern.ubulk" 1153
"../../../Engine/Content/EngineSky/VolumetricClouds/T_CloudPattern.uexp" 1154
"../../../Engine/Content/EngineSky/VolumetricClouds/T_CloudPattern.uasset" 1155
"../../../Engine/Content/Functions/Engine_MaterialFunctions02/Utility/BreakOutFloat4Components.uasset" 1156
"../../../Engine/Content/Functions/Engine_MaterialFunctions02/Utility/BreakOutFloat4Components.uexp" 1157
"../../../Engine/Content/Functions/Engine_MaterialFunctions02/Utility/MakeFloat4.uexp" 1158
"../../../Engine/Content/Functions/Engine_MaterialFunctions02/Utility/MakeFloat4.uasset" 1159
"../../../Engine/Content/EngineResources/DefaultVolumeTexture2D.uexp" 1160
"../../../Engine/Content/EngineResources/DefaultVolumeTexture2D.uasset" 1161
"../../../Engine/Content/EngineResources/DefaultVolumeTexture.uexp" 1162
"../../../Engine/Content/EngineResources/DefaultVolumeTexture.uasset" 1163
"../../../Engine/Content/Functions/Engine_MaterialFunctions01/Units/Km-to-Cm.uasset" 1164
"../../../Engine/Content/Functions/Engine_MaterialFunctions01/Units/Km-to-Cm.uexp" 1165
"../../../Engine/Content/EngineSky/VolumetricClouds/VT_Lightning.uexp" 1166
"../../../Engine/Content/EngineSky/VolumetricClouds/VT_Lightning.uasset" 1167
"../../../Engine/Content/EngineSky/VolumetricClouds/m_SimpleVolumetricCloud.uasset" 1168
"../../../Engine/Content/EngineSky/VolumetricClouds/m_SimpleVolumetricCloud.uexp" 1169
"../../../Engine/Content/EngineSky/VolumetricClouds/T_Profile_08.uasset" 1170
"../../../Engine/Content/EngineSky/VolumetricClouds/T_Profile_08.uexp" 1171
"../../../Engine/Content/EngineSky/VolumetricClouds/T_Profile_08.ubulk" 1172
"../../../Engine/Content/EngineSky/VolumetricClouds/T_CloudMask.uasset" 1173
"../../../Engine/Content/EngineSky/VolumetricClouds/T_CloudMask.uexp" 1174
"../../../Engine/Content/EngineSky/VolumetricClouds/T_CloudMask.ubulk" 1175
"../../../Engine/Content/EngineSky/VolumetricClouds/m_SimpleVolumetricCloud_Inst.uexp" 1176
"../../../Engine/Content/EngineSky/VolumetricClouds/m_SimpleVolumetricCloud_Inst.uasset" 1177
"/Users/fernandezd/Documents/GitHub/SkyMage/SkyMage/Content/UI/MainMenu.uexp" 1178
"/Users/fernandezd/Documents/GitHub/SkyMage/SkyMage/Content/UI/MainMenu.uasset" 1179
"/Users/fernandezd/Documents/GitHub/SkyMage/SkyMage/Content/UI/BP_MainMenu.uexp" 1180
"/Users/fernandezd/Documents/GitHub/SkyMage/SkyMage/Content/UI/BP_MainMenu.uasset" 1181
"../../../Engine/Content/Functions/Engine_MaterialFunctions01/Shading/ConvertFromDiffSpec.uexp" 1182
"../../../Engine/Content/Functions/Engine_MaterialFunctions01/Shading/ConvertFromDiffSpec.uasset" 1183
"../../../Engine/Content/EditorMaterials/GridMaterial.uexp" 1184
"../../../Engine/Content/EditorMaterials/GridMaterial.uasset" 1185
"../../../Engine/Content/EditorMeshes/AssetViewer/Floor_Mesh.uasset" 1186
"../../../Engine/Content/EditorMeshes/AssetViewer/Floor_Mesh.uexp" 1187
"../../../Engine/Content/EditorMeshes/AssetViewer/Floor_Mesh.ubulk" 1188
"../../../Engine/Content/EditorResources/MaterialBackdrop.ubulk" 1189
"../../../Engine/Content/EditorResources/MaterialBackdrop.uexp" 1190
"../../../Engine/Content/EditorResources/MaterialBackdrop.uasset" 1191
"../../../Engine/Content/EditorResources/MaterialBackdrop_Mat.uexp" 1192
"../../../Engine/Content/EditorResources/MaterialBackdrop_Mat.uasset" 1193
"/Users/fernandezd/Documents/GitHub/SkyMage/SkyMage/Content/Levels/MainMenu.uexp" 1194
"/Users/fernandezd/Documents/GitHub/SkyMage/SkyMage/Content/Levels/MainMenu.umap" 1195
"../../../Engine/Content/Maps/Entry_BuiltData.uexp" 1196
"../../../Engine/Content/Maps/Entry_BuiltData.uasset" 1197
"../../../Engine/Content/Maps/Entry.umap" 1198
"../../../Engine/Content/Maps/Entry.uexp" 1199
