"../../../Engine/Content/EngineResources/GradientTexture0.uexp" 0
"../../../Engine/Content/EngineResources/GradientTexture0.uasset" 1
"../../../Engine/Content/EngineResources/Black.uasset" 2
"../../../Engine/Content/EngineResources/Black.uexp" 3
"../../../Engine/Content/EditorResources/S_Actor.uexp" 4
"../../../Engine/Content/EditorResources/S_Actor.ubulk" 5
"../../../Engine/Content/EditorResources/S_Actor.uasset" 6
"../../../Engine/Plugins/NNE/NNEDenoiser/Content/NNEDTOM_Output_Default.uexp" 7
"../../../Engine/Plugins/NNE/NNEDenoiser/Content/NNEDTOM_Output_Default.uasset" 8
"../../../Engine/Plugins/NNE/NNEDenoiser/Content/NNEDTOM_Output_Alpha.uexp" 9
"../../../Engine/Plugins/NNE/NNEDenoiser/Content/NNEDTOM_Output_Alpha.uasset" 10
"../../../Engine/Plugins/NNE/NNEDenoiser/Content/NNEDIM_HighQuality_Default.uexp" 11
"../../../Engine/Plugins/NNE/NNEDenoiser/Content/NNEDIM_HighQuality_Default.uasset" 12
"../../../Engine/Plugins/NNE/NNEDenoiser/Content/NNEDTIM_ColorAlbedoNormal_Alpha.uexp" 13
"../../../Engine/Plugins/NNE/NNEDenoiser/Content/NNEDTIM_ColorAlbedoNormal_Alpha.uasset" 14
"../../../Engine/Plugins/NNE/NNEDenoiser/Content/NNEDIM_ColorAlbedoNormal_Alpha.uasset" 15
"../../../Engine/Plugins/NNE/NNEDenoiser/Content/NNEDIM_ColorAlbedoNormal_Alpha.uexp" 16
"../../../Engine/Plugins/NNE/NNEDenoiser/Content/NNEDOM_Output_Alpha.uasset" 17
"../../../Engine/Plugins/NNE/NNEDenoiser/Content/NNEDOM_Output_Alpha.uexp" 18
"../../../Engine/Plugins/NNE/NNEDenoiser/Content/NNEDOM_Output_Default.uasset" 19
"../../../Engine/Plugins/NNE/NNEDenoiser/Content/NNEDOM_Output_Default.uexp" 20
"../../../Engine/Plugins/NNE/NNEDenoiser/Content/NNEDIM_ColorAlbedoNormal_Default.uexp" 21
"../../../Engine/Plugins/NNE/NNEDenoiser/Content/NNEDIM_ColorAlbedoNormal_Default.uasset" 22
"../../../Engine/Plugins/NNE/NNEDenoiser/Content/NNEDTIM_ColorAlbedoNormal_Default.uasset" 23
"../../../Engine/Plugins/NNE/NNEDenoiser/Content/NNEDTIM_ColorAlbedoNormal_Default.uexp" 24
"../../../Engine/Plugins/NNE/NNEDenoiser/Content/NNEDIM_HighQuality_Alpha.uasset" 25
"../../../Engine/Plugins/NNE/NNEDenoiser/Content/NNEDIM_HighQuality_Alpha.uexp" 26
"../../../Engine/Plugins/Animation/ACLPlugin/Content/ACLAnimBoneCompressionSettings.uexp" 27
"../../../Engine/Plugins/Animation/ACLPlugin/Content/ACLAnimBoneCompressionSettings.uasset" 28
"../../../Engine/Plugins/2D/Paper2D/Content/PlaceholderTextures/DummySpriteTexture.ubulk" 29
"../../../Engine/Plugins/2D/Paper2D/Content/PlaceholderTextures/DummySpriteTexture.uexp" 30
"../../../Engine/Plugins/2D/Paper2D/Content/PlaceholderTextures/DummySpriteTexture.uasset" 31
"../../../Engine/Plugins/2D/Paper2D/Content/DummySprite.uasset" 32
"../../../Engine/Plugins/2D/Paper2D/Content/DummySprite.uexp" 33
"../../../Engine/Plugins/2D/Paper2D/Content/DefaultPaperTerrainMaterial.uexp" 34
"../../../Engine/Plugins/2D/Paper2D/Content/DefaultPaperTerrainMaterial.uasset" 35
"../../../Engine/Plugins/Runtime/AudioWidgets/Content/Resources/ScrubHandleDown_Clamped.uasset" 36
"../../../Engine/Plugins/Runtime/AudioWidgets/Content/Resources/ScrubHandleDown_Clamped.uexp" 37
"../../../Engine/Plugins/Interchange/Runtime/Content/Pipelines/DefaultGLTFPipeline.uexp" 38
"../../../Engine/Plugins/Interchange/Runtime/Content/Pipelines/DefaultGLTFPipeline.uasset" 39
"../../../Engine/Plugins/Interchange/Runtime/Content/Pipelines/DefaultGLTFAssetsPipeline.uexp" 40
"../../../Engine/Plugins/Interchange/Runtime/Content/Pipelines/DefaultGLTFAssetsPipeline.uasset" 41
"../../../Engine/Plugins/Interchange/Runtime/Content/Pipelines/DefaultAssetsPipeline.uexp" 42
"../../../Engine/Plugins/Interchange/Runtime/Content/Pipelines/DefaultAssetsPipeline.uasset" 43
"../../../Engine/Plugins/Interchange/Runtime/Content/Pipelines/DefaultSceneLevelPipeline.uexp" 44
"../../../Engine/Plugins/Interchange/Runtime/Content/Pipelines/DefaultSceneLevelPipeline.uasset" 45
"../../../Engine/Plugins/Interchange/Runtime/Content/Pipelines/DefaultMaterialXPipeline.uexp" 46
"../../../Engine/Plugins/Interchange/Runtime/Content/Pipelines/DefaultMaterialXPipeline.uasset" 47
"../../../Engine/Plugins/Interchange/Runtime/Content/Pipelines/DefaultSceneAssetsPipeline.uasset" 48
"../../../Engine/Plugins/Interchange/Runtime/Content/Pipelines/DefaultSceneAssetsPipeline.uexp" 49
"../../../Engine/Plugins/Interchange/Runtime/Content/Pipelines/DefaultMaterialPipeline.uasset" 50
"../../../Engine/Plugins/Interchange/Runtime/Content/Pipelines/DefaultMaterialPipeline.uexp" 51
"../../../Engine/Plugins/Interchange/Runtime/Content/Pipelines/DefaultGLTFSceneAssetsPipeline.uexp" 52
"../../../Engine/Plugins/Interchange/Runtime/Content/Pipelines/DefaultGLTFSceneAssetsPipeline.uasset" 53
"../../../Engine/Plugins/Interchange/Runtime/Content/Pipelines/DefaultTexturePipeline.uasset" 54
"../../../Engine/Plugins/Interchange/Runtime/Content/Pipelines/DefaultTexturePipeline.uexp" 55
"../../../Engine/Content/EngineSounds/Master.uexp" 56
"../../../Engine/Content/EngineSounds/Master.uasset" 57
"../../../Engine/Content/EngineMaterials/DefaultWhiteGrid.ubulk" 58
"../../../Engine/Content/EngineMaterials/DefaultWhiteGrid.uexp" 59
"../../../Engine/Content/EngineMaterials/DefaultWhiteGrid.uasset" 60
"../../../Engine/Content/EngineMaterials/MiniFont.uexp" 61
"../../../Engine/Content/EngineMaterials/MiniFont.uasset" 62
"../../../Engine/Content/EngineMaterials/DefaultBokeh.uexp" 63
"../../../Engine/Content/EngineMaterials/DefaultBokeh.uasset" 64
"../../../Engine/Content/EngineMaterials/FastBlueNoise_vec2_128x128x64.uexp" 65
"../../../Engine/Content/EngineMaterials/FastBlueNoise_vec2_128x128x64.uasset" 66
"../../../Engine/Content/EngineMaterials/PreintegratedSkinBRDF.uexp" 67
"../../../Engine/Content/EngineMaterials/PreintegratedSkinBRDF.uasset" 68
"../../../Engine/Content/EngineMaterials/FastBlueNoise_scalar_128x128x64.uexp" 69
"../../../Engine/Content/EngineMaterials/FastBlueNoise_scalar_128x128x64.uasset" 70
"../../../Engine/Content/EngineMaterials/DefaultPhysicalMaterial.uasset" 71
"../../../Engine/Content/EngineMaterials/DefaultPhysicalMaterial.uexp" 72
"../../../Engine/Content/EngineMaterials/DefaultBloomKernel.uexp" 73
"../../../Engine/Content/EngineMaterials/DefaultBloomKernel.uasset" 74
"../../../Engine/Content/EngineMaterials/DefaultDestructiblePhysicalMaterial.uasset" 75
"../../../Engine/Content/EngineMaterials/DefaultDestructiblePhysicalMaterial.uexp" 76
"../../../Engine/Content/EngineMaterials/FastBlueNoise_scalar_128x128x8.uasset" 77
"../../../Engine/Content/EngineMaterials/FastBlueNoise_scalar_128x128x8.uexp" 78
"../../../Engine/Content/EngineFonts/Faces/DroidSansFallback.uasset" 79
"../../../Engine/Content/EngineFonts/Faces/DroidSansFallback.ufont" 80
"../../../Engine/Content/EngineFonts/Faces/DroidSansFallback.uexp" 81
"../../../Engine/Content/EngineFonts/Faces/RobotoBold.ufont" 82
"../../../Engine/Content/EngineFonts/Faces/RobotoBold.uasset" 83
"../../../Engine/Content/EngineFonts/Faces/RobotoBold.uexp" 84
"../../../Engine/Content/EngineFonts/Faces/RobotoBoldItalic.uasset" 85
"../../../Engine/Content/EngineFonts/Faces/RobotoBoldItalic.uexp" 86
"../../../Engine/Content/EngineFonts/Faces/RobotoBoldItalic.ufont" 87
"../../../Engine/Content/EngineFonts/Faces/RobotoItalic.ufont" 88
"../../../Engine/Content/EngineFonts/Faces/RobotoItalic.uasset" 89
"../../../Engine/Content/EngineFonts/Faces/RobotoItalic.uexp" 90
"../../../Engine/Content/EngineFonts/Faces/RobotoLight.ufont" 91
"../../../Engine/Content/EngineFonts/Faces/RobotoLight.uasset" 92
"../../../Engine/Content/EngineFonts/Faces/RobotoLight.uexp" 93
"../../../Engine/Content/EngineFonts/Faces/RobotoRegular.uasset" 94
"../../../Engine/Content/EngineFonts/Faces/RobotoRegular.uexp" 95
"../../../Engine/Content/EngineFonts/Faces/RobotoRegular.ufont" 96
"../../../Engine/Content/EngineFonts/Roboto.uasset" 97
"../../../Engine/Content/EngineFonts/Roboto.uexp" 98
"../../../Engine/Content/EngineFonts/Faces/DroidSansMono.ufont" 99
"../../../Engine/Content/EngineFonts/Faces/DroidSansMono.uasset" 100
"../../../Engine/Content/EngineFonts/Faces/DroidSansMono.uexp" 101
"../../../Engine/Content/EngineFonts/DroidSansMono.uasset" 102
"../../../Engine/Content/EngineFonts/DroidSansMono.uexp" 103
"../../../Engine/Content/EngineDamageTypes/DmgTypeBP_Environmental.uasset" 104
"../../../Engine/Content/EngineDamageTypes/DmgTypeBP_Environmental.uexp" 105
"../../../Engine/Content/EditorResources/BSPVertex.uexp" 106
"../../../Engine/Content/EditorResources/BSPVertex.uasset" 107
"../../../Engine/Content/EditorResources/S_Trigger.uexp" 108
"../../../Engine/Content/EditorResources/S_Trigger.ubulk" 109
"../../../Engine/Content/EditorResources/S_Trigger.uasset" 110
"../../../Engine/Content/EditorResources/S_Terrain.uasset" 111
"../../../Engine/Content/EditorResources/S_Terrain.uexp" 112
"../../../Engine/Content/EditorResources/S_Terrain.ubulk" 113
"../../../Engine/Content/EditorResources/S_Solver.uasset" 114
"../../../Engine/Content/EditorResources/S_Solver.uexp" 115
"../../../Engine/Content/EditorResources/S_Solver.ubulk" 116
"../../../Engine/Content/EditorResources/S_TriggerCapsule.uexp" 117
"../../../Engine/Content/EditorResources/S_TriggerCapsule.uasset" 118
"../../../Engine/Content/EditorResources/S_BoxReflectionCapture.uasset" 119
"../../../Engine/Content/EditorResources/S_BoxReflectionCapture.uexp" 120
"../../../Engine/Content/EditorResources/S_TriggerBox.uexp" 121
"../../../Engine/Content/EditorResources/S_TriggerBox.uasset" 122
"../../../Engine/Content/EditorResources/S_TriggerSphere.uasset" 123
"../../../Engine/Content/EditorResources/S_TriggerSphere.uexp" 124
"/Users/doddm/Documents/GitHub/SkyMage/SkyMage/Content/Characters/Mannequins/Meshes/SK_Mannequin.uasset" 125
"/Users/doddm/Documents/GitHub/SkyMage/SkyMage/Content/Characters/Mannequins/Meshes/SK_Mannequin.uexp" 126
"/Users/doddm/Documents/GitHub/SkyMage/SkyMage/Content/Characters/Mannequins/Rigs/PA_Mannequin.uasset" 127
"/Users/doddm/Documents/GitHub/SkyMage/SkyMage/Content/Characters/Mannequins/Rigs/PA_Mannequin.uexp" 128
"../../../Engine/Content/Functions/Engine_MaterialFunctions02/Utility/BreakOutFloat2Components.uasset" 129
"../../../Engine/Content/Functions/Engine_MaterialFunctions02/Utility/BreakOutFloat2Components.uexp" 130
"../../../Engine/Content/Functions/Engine_MaterialFunctions01/Texturing/ScaleUVsByCenter.uexp" 131
"../../../Engine/Content/Functions/Engine_MaterialFunctions01/Texturing/ScaleUVsByCenter.uasset" 132
"../../../Engine/Content/Functions/Engine_MaterialFunctions01/Opacity/CameraDepthFade.uexp" 133
"../../../Engine/Content/Functions/Engine_MaterialFunctions01/Opacity/CameraDepthFade.uasset" 134
"/Users/doddm/Documents/GitHub/SkyMage/SkyMage/Content/Characters/Mannequins/Textures/Shared/T_UE_Logo_M.uasset" 135
"/Users/doddm/Documents/GitHub/SkyMage/SkyMage/Content/Characters/Mannequins/Textures/Shared/T_UE_Logo_M.uexp" 136
"/Users/doddm/Documents/GitHub/SkyMage/SkyMage/Content/Characters/Mannequins/Textures/Manny/T_Manny_01_BN.ubulk" 137
"/Users/doddm/Documents/GitHub/SkyMage/SkyMage/Content/Characters/Mannequins/Textures/Manny/T_Manny_01_BN.uexp" 138
"/Users/doddm/Documents/GitHub/SkyMage/SkyMage/Content/Characters/Mannequins/Textures/Manny/T_Manny_01_BN.uasset" 139
"/Users/doddm/Documents/GitHub/SkyMage/SkyMage/Content/Characters/Mannequins/Textures/Manny/T_Manny_01_D.ubulk" 140
"/Users/doddm/Documents/GitHub/SkyMage/SkyMage/Content/Characters/Mannequins/Textures/Manny/T_Manny_01_D.uexp" 141
"/Users/doddm/Documents/GitHub/SkyMage/SkyMage/Content/Characters/Mannequins/Textures/Manny/T_Manny_01_D.uasset" 142
"/Users/doddm/Documents/GitHub/SkyMage/SkyMage/Content/Characters/Mannequins/Textures/Manny/T_Manny_01_MRA.ubulk" 143
"/Users/doddm/Documents/GitHub/SkyMage/SkyMage/Content/Characters/Mannequins/Textures/Manny/T_Manny_01_MRA.uexp" 144
"/Users/doddm/Documents/GitHub/SkyMage/SkyMage/Content/Characters/Mannequins/Textures/Manny/T_Manny_01_MRA.uasset" 145
"/Users/doddm/Documents/GitHub/SkyMage/SkyMage/Content/Characters/Mannequins/Materials/M_Mannequin.uexp" 146
"/Users/doddm/Documents/GitHub/SkyMage/SkyMage/Content/Characters/Mannequins/Materials/M_Mannequin.uasset" 147
"/Users/doddm/Documents/GitHub/SkyMage/SkyMage/Content/Characters/Mannequins/Textures/Quinn/T_Quinn_01_N.ubulk" 148
"/Users/doddm/Documents/GitHub/SkyMage/SkyMage/Content/Characters/Mannequins/Textures/Quinn/T_Quinn_01_N.uexp" 149
"/Users/doddm/Documents/GitHub/SkyMage/SkyMage/Content/Characters/Mannequins/Textures/Quinn/T_Quinn_01_N.uasset" 150
"/Users/doddm/Documents/GitHub/SkyMage/SkyMage/Content/Characters/Mannequins/Textures/Quinn/T_Quinn_01_MRA.ubulk" 151
"/Users/doddm/Documents/GitHub/SkyMage/SkyMage/Content/Characters/Mannequins/Textures/Quinn/T_Quinn_01_MRA.uexp" 152
"/Users/doddm/Documents/GitHub/SkyMage/SkyMage/Content/Characters/Mannequins/Textures/Quinn/T_Quinn_01_MRA.uasset" 153
"/Users/doddm/Documents/GitHub/SkyMage/SkyMage/Content/Characters/Mannequins/Textures/Quinn/T_Quinn_01_D.uasset" 154
"/Users/doddm/Documents/GitHub/SkyMage/SkyMage/Content/Characters/Mannequins/Textures/Quinn/T_Quinn_01_D.uexp" 155
"/Users/doddm/Documents/GitHub/SkyMage/SkyMage/Content/Characters/Mannequins/Textures/Quinn/T_Quinn_01_D.ubulk" 156
"/Users/doddm/Documents/GitHub/SkyMage/SkyMage/Content/Characters/Mannequins/Materials/Quinn/MI_Quinn_01.uasset" 157
"/Users/doddm/Documents/GitHub/SkyMage/SkyMage/Content/Characters/Mannequins/Materials/Quinn/MI_Quinn_01.uexp" 158
"/Users/doddm/Documents/GitHub/SkyMage/SkyMage/Content/Characters/Mannequins/Textures/Quinn/T_Quinn_02_N.ubulk" 159
"/Users/doddm/Documents/GitHub/SkyMage/SkyMage/Content/Characters/Mannequins/Textures/Quinn/T_Quinn_02_N.uasset" 160
"/Users/doddm/Documents/GitHub/SkyMage/SkyMage/Content/Characters/Mannequins/Textures/Quinn/T_Quinn_02_N.uexp" 161
"/Users/doddm/Documents/GitHub/SkyMage/SkyMage/Content/Characters/Mannequins/Textures/Quinn/T_Quinn_02_MRA.ubulk" 162
"/Users/doddm/Documents/GitHub/SkyMage/SkyMage/Content/Characters/Mannequins/Textures/Quinn/T_Quinn_02_MRA.uasset" 163
"/Users/doddm/Documents/GitHub/SkyMage/SkyMage/Content/Characters/Mannequins/Textures/Quinn/T_Quinn_02_MRA.uexp" 164
"/Users/doddm/Documents/GitHub/SkyMage/SkyMage/Content/Characters/Mannequins/Textures/Quinn/T_Quinn_02_D.ubulk" 165
"/Users/doddm/Documents/GitHub/SkyMage/SkyMage/Content/Characters/Mannequins/Textures/Quinn/T_Quinn_02_D.uasset" 166
"/Users/doddm/Documents/GitHub/SkyMage/SkyMage/Content/Characters/Mannequins/Textures/Quinn/T_Quinn_02_D.uexp" 167
"/Users/doddm/Documents/GitHub/SkyMage/SkyMage/Content/Characters/Mannequins/Materials/Quinn/MI_Quinn_02.uexp" 168
"/Users/doddm/Documents/GitHub/SkyMage/SkyMage/Content/Characters/Mannequins/Materials/Quinn/MI_Quinn_02.uasset" 169
"/Users/doddm/Documents/GitHub/SkyMage/SkyMage/Content/Characters/Mannequins/Meshes/SKM_Quinn_Simple.uexp" 170
"/Users/doddm/Documents/GitHub/SkyMage/SkyMage/Content/Characters/Mannequins/Meshes/SKM_Quinn_Simple.uasset" 171
"/Users/doddm/Documents/GitHub/SkyMage/SkyMage/Content/FirstPerson/EnemiesAndNPCs/TrailBlazer.uexp" 172
"/Users/doddm/Documents/GitHub/SkyMage/SkyMage/Content/FirstPerson/EnemiesAndNPCs/TrailBlazer.uasset" 173
"../../../Engine/Content/EngineMaterials/T_Default_Material_Grid_M.uasset" 174
"../../../Engine/Content/EngineMaterials/T_Default_Material_Grid_M.ubulk" 175
"../../../Engine/Content/EngineMaterials/T_Default_Material_Grid_M.uexp" 176
"../../../Engine/Content/EngineMaterials/T_Default_Material_Grid_N.uasset" 177
"../../../Engine/Content/EngineMaterials/T_Default_Material_Grid_N.uexp" 178
"../../../Engine/Content/EngineMaterials/T_Default_Material_Grid_N.ubulk" 179
"../../../Engine/Content/EngineMaterials/WorldGridMaterial.uexp" 180
"../../../Engine/Content/EngineMaterials/WorldGridMaterial.uasset" 181
"../../../Engine/Content/BasicShapes/Cube.ubulk" 182
"../../../Engine/Content/BasicShapes/Cube.uasset" 183
"../../../Engine/Content/BasicShapes/Cube.uexp" 184
"../../../Engine/Content/EditorMaterials/GreyCheck.uasset" 185
"../../../Engine/Content/EditorMaterials/GreyCheck.uexp" 186
"../../../Engine/Content/EditorMaterials/CheckMaterial.uexp" 187
"../../../Engine/Content/EditorMaterials/CheckMaterial.uasset" 188
"/Users/doddm/Documents/GitHub/SkyMage/SkyMage/Content/DamageTypes/ExplosionDamage.uasset" 189
"/Users/doddm/Documents/GitHub/SkyMage/SkyMage/Content/DamageTypes/ExplosionDamage.uexp" 190
"/Users/doddm/Documents/GitHub/SkyMage/SkyMage/Content/UI/Health.uexp" 191
"/Users/doddm/Documents/GitHub/SkyMage/SkyMage/Content/UI/Health.uasset" 192
"/Users/doddm/Documents/GitHub/SkyMage/SkyMage/Content/UI/image0.uexp" 193
"/Users/doddm/Documents/GitHub/SkyMage/SkyMage/Content/UI/image0.uasset" 194
"/Users/doddm/Documents/GitHub/SkyMage/SkyMage/Content/UI/image2.uexp" 195
"/Users/doddm/Documents/GitHub/SkyMage/SkyMage/Content/UI/image2.uasset" 196
"/Users/doddm/Documents/GitHub/SkyMage/SkyMage/Content/UI/Health-2.uexp" 197
"/Users/doddm/Documents/GitHub/SkyMage/SkyMage/Content/UI/Health-2.uasset" 198
"/Users/doddm/Documents/GitHub/SkyMage/SkyMage/Content/UI/HealthWidget.uexp" 199
"/Users/doddm/Documents/GitHub/SkyMage/SkyMage/Content/UI/HealthWidget.uasset" 200
"../../../Engine/Content/BasicShapes/Plane.ubulk" 201
"../../../Engine/Content/BasicShapes/Plane.uasset" 202
"../../../Engine/Content/BasicShapes/Plane.uexp" 203
"/Users/doddm/Documents/GitHub/SkyMage/SkyMage/Content/FirstPerson/Blueprints/WallRunMaterial.uasset" 204
"/Users/doddm/Documents/GitHub/SkyMage/SkyMage/Content/FirstPerson/Blueprints/WallRunMaterial.uexp" 205
"/Users/doddm/Documents/GitHub/SkyMage/SkyMage/Content/FirstPerson/Blueprints/BP_WallForRunning.uexp" 206
"/Users/doddm/Documents/GitHub/SkyMage/SkyMage/Content/FirstPerson/Blueprints/BP_WallForRunning.uasset" 207
"../../../Engine/Content/EngineMaterials/DefaultMaterial.uasset" 208
"../../../Engine/Content/EngineMaterials/DefaultMaterial.uexp" 209
"../../../Engine/Content/BasicShapes/Cylinder.uasset" 210
"../../../Engine/Content/BasicShapes/Cylinder.ubulk" 211
"../../../Engine/Content/BasicShapes/Cylinder.uexp" 212
"/Users/doddm/Documents/GitHub/SkyMage/SkyMage/Content/FirstPerson/Blueprints/RespawnMaterial.uasset" 213
"/Users/doddm/Documents/GitHub/SkyMage/SkyMage/Content/FirstPerson/Blueprints/RespawnMaterial.uexp" 214
"/Users/doddm/Documents/GitHub/SkyMage/SkyMage/Content/FirstPerson/Blueprints/RespawnPoint.uexp" 215
"/Users/doddm/Documents/GitHub/SkyMage/SkyMage/Content/FirstPerson/Blueprints/RespawnPoint.uasset" 216
"/Users/doddm/Documents/GitHub/SkyMage/SkyMage/Content/Input/Actions/IA_MouseLook.uasset" 217
"/Users/doddm/Documents/GitHub/SkyMage/SkyMage/Content/Input/Actions/IA_MouseLook.uexp" 218
"/Users/doddm/Documents/GitHub/SkyMage/SkyMage/Content/Input/IMC_MouseLook.uexp" 219
"/Users/doddm/Documents/GitHub/SkyMage/SkyMage/Content/Input/IMC_MouseLook.uasset" 220
"/Users/doddm/Documents/GitHub/SkyMage/SkyMage/Content/Input/Actions/IA_SprintEnd.uexp" 221
"/Users/doddm/Documents/GitHub/SkyMage/SkyMage/Content/Input/Actions/IA_SprintEnd.uasset" 222
"/Users/doddm/Documents/GitHub/SkyMage/SkyMage/Content/Input/Actions/IA_Sprint.uasset" 223
"/Users/doddm/Documents/GitHub/SkyMage/SkyMage/Content/Input/Actions/IA_Sprint.uexp" 224
"/Users/doddm/Documents/GitHub/SkyMage/SkyMage/Content/Input/Actions/IA_Look.uexp" 225
"/Users/doddm/Documents/GitHub/SkyMage/SkyMage/Content/Input/Actions/IA_Look.uasset" 226
"/Users/doddm/Documents/GitHub/SkyMage/SkyMage/Content/Input/Actions/IA_Jump.uexp" 227
"/Users/doddm/Documents/GitHub/SkyMage/SkyMage/Content/Input/Actions/IA_Jump.uasset" 228
"/Users/doddm/Documents/GitHub/SkyMage/SkyMage/Content/Input/Actions/Spellcasting.uexp" 229
"/Users/doddm/Documents/GitHub/SkyMage/SkyMage/Content/Input/Actions/Spellcasting.uasset" 230
"/Users/doddm/Documents/GitHub/SkyMage/SkyMage/Content/Input/Actions/IA_Move.uasset" 231
"/Users/doddm/Documents/GitHub/SkyMage/SkyMage/Content/Input/Actions/IA_Move.uexp" 232
"/Users/doddm/Documents/GitHub/SkyMage/SkyMage/Content/Input/Actions/IA_Interact.uexp" 233
"/Users/doddm/Documents/GitHub/SkyMage/SkyMage/Content/Input/Actions/IA_Interact.uasset" 234
"/Users/doddm/Documents/GitHub/SkyMage/SkyMage/Content/Input/IMC_Default.uexp" 235
"/Users/doddm/Documents/GitHub/SkyMage/SkyMage/Content/Input/IMC_Default.uasset" 236
"/Users/doddm/Documents/GitHub/SkyMage/SkyMage/Content/Input/Touch/BPI_TouchInterface.uexp" 237
"/Users/doddm/Documents/GitHub/SkyMage/SkyMage/Content/Input/Touch/BPI_TouchInterface.uasset" 238
"../../../Engine/Content/MobileResources/HUD/VirtualJoystick_Background.uexp" 239
"../../../Engine/Content/MobileResources/HUD/VirtualJoystick_Background.uasset" 240
"../../../Engine/Content/MobileResources/HUD/VirtualJoystick_Thumb.uasset" 241
"../../../Engine/Content/MobileResources/HUD/VirtualJoystick_Thumb.uexp" 242
"/Users/doddm/Documents/GitHub/SkyMage/SkyMage/Content/Input/Touch/UI_Thumbstick.uasset" 243
"/Users/doddm/Documents/GitHub/SkyMage/SkyMage/Content/Input/Touch/UI_Thumbstick.uexp" 244
"/Users/doddm/Documents/GitHub/SkyMage/SkyMage/Content/Input/Touch/UI_TouchSimple.uasset" 245
"/Users/doddm/Documents/GitHub/SkyMage/SkyMage/Content/Input/Touch/UI_TouchSimple.uexp" 246
"/Users/doddm/Documents/GitHub/SkyMage/SkyMage/Content/FirstPerson/Blueprints/BP_FirstPersonCameraManager.uasset" 247
"/Users/doddm/Documents/GitHub/SkyMage/SkyMage/Content/FirstPerson/Blueprints/BP_FirstPersonCameraManager.uexp" 248
"/Users/doddm/Documents/GitHub/SkyMage/SkyMage/Content/FirstPerson/Blueprints/BP_FirstPersonPlayerController.uasset" 249
"/Users/doddm/Documents/GitHub/SkyMage/SkyMage/Content/FirstPerson/Blueprints/BP_FirstPersonPlayerController.uexp" 250
"/Users/doddm/Documents/GitHub/SkyMage/SkyMage/Content/FirstPerson/Blueprints/BP_FirstPersonGameMode.uexp" 251
"/Users/doddm/Documents/GitHub/SkyMage/SkyMage/Content/FirstPerson/Blueprints/BP_FirstPersonGameMode.uasset" 252
"../../../Engine/Plugins/Interchange/Assets/Content/Functions/MF_PhongToMetalRoughness.uexp" 253
"../../../Engine/Plugins/Interchange/Assets/Content/Functions/MF_PhongToMetalRoughness.uasset" 254
"/Users/doddm/Documents/GitHub/SkyMage/SkyMage/Content/ArtistDropbox/Material.uexp" 255
"/Users/doddm/Documents/GitHub/SkyMage/SkyMage/Content/ArtistDropbox/Material.uasset" 256
"/Users/doddm/Documents/GitHub/SkyMage/SkyMage/Content/ArtistDropbox/BasicCube.uasset" 257
"/Users/doddm/Documents/GitHub/SkyMage/SkyMage/Content/ArtistDropbox/BasicCube.ubulk" 258
"/Users/doddm/Documents/GitHub/SkyMage/SkyMage/Content/ArtistDropbox/BasicCube.uexp" 259
"../../../Engine/Plugins/FX/Niagara/Content/DefaultAssets/DefaultSpriteMaterial.uexp" 260
"../../../Engine/Plugins/FX/Niagara/Content/DefaultAssets/DefaultSpriteMaterial.uasset" 261
"/Users/doddm/Documents/GitHub/SkyMage/SkyMage/Content/VFX/NA_Systems/NS_FireCubes.uexp" 262
"/Users/doddm/Documents/GitHub/SkyMage/SkyMage/Content/VFX/NA_Systems/NS_FireCubes.uasset" 263
"../../../Engine/Plugins/Animation/ControlRig/Content/Controls/DefaultGizmoLibraryNormalized.uexp" 264
"../../../Engine/Plugins/Animation/ControlRig/Content/Controls/DefaultGizmoLibraryNormalized.uasset" 265
"/Users/doddm/Documents/GitHub/SkyMage/SkyMage/Content/FirstPerson/Anims/CtrlRig_FPWarp.uasset" 266
"/Users/doddm/Documents/GitHub/SkyMage/SkyMage/Content/FirstPerson/Anims/CtrlRig_FPWarp.uexp" 267
"/Users/doddm/Documents/GitHub/SkyMage/SkyMage/Content/FirstPerson/Anims/ABP_FP_Copy.uexp" 268
"/Users/doddm/Documents/GitHub/SkyMage/SkyMage/Content/FirstPerson/Anims/ABP_FP_Copy.uasset" 269
"/Users/doddm/Documents/GitHub/SkyMage/SkyMage/Content/Characters/Mannequins/Materials/Manny/MI_Manny_01_New.uasset" 270
"/Users/doddm/Documents/GitHub/SkyMage/SkyMage/Content/Characters/Mannequins/Materials/Manny/MI_Manny_01_New.uexp" 271
"/Users/doddm/Documents/GitHub/SkyMage/SkyMage/Content/Characters/Mannequins/Textures/Manny/T_Manny_02_MRA.uasset" 272
"/Users/doddm/Documents/GitHub/SkyMage/SkyMage/Content/Characters/Mannequins/Textures/Manny/T_Manny_02_MRA.ubulk" 273
"/Users/doddm/Documents/GitHub/SkyMage/SkyMage/Content/Characters/Mannequins/Textures/Manny/T_Manny_02_MRA.uexp" 274
"/Users/doddm/Documents/GitHub/SkyMage/SkyMage/Content/Characters/Mannequins/Textures/Manny/T_Manny_02_BN.uasset" 275
"/Users/doddm/Documents/GitHub/SkyMage/SkyMage/Content/Characters/Mannequins/Textures/Manny/T_Manny_02_BN.uexp" 276
"/Users/doddm/Documents/GitHub/SkyMage/SkyMage/Content/Characters/Mannequins/Textures/Manny/T_Manny_02_BN.ubulk" 277
"/Users/doddm/Documents/GitHub/SkyMage/SkyMage/Content/Characters/Mannequins/Textures/Manny/T_Manny_02_D.ubulk" 278
"/Users/doddm/Documents/GitHub/SkyMage/SkyMage/Content/Characters/Mannequins/Textures/Manny/T_Manny_02_D.uasset" 279
"/Users/doddm/Documents/GitHub/SkyMage/SkyMage/Content/Characters/Mannequins/Textures/Manny/T_Manny_02_D.uexp" 280
"/Users/doddm/Documents/GitHub/SkyMage/SkyMage/Content/Characters/Mannequins/Materials/Manny/MI_Manny_02_New.uasset" 281
"/Users/doddm/Documents/GitHub/SkyMage/SkyMage/Content/Characters/Mannequins/Materials/Manny/MI_Manny_02_New.uexp" 282
"/Users/doddm/Documents/GitHub/SkyMage/SkyMage/Content/Characters/Mannequins/Meshes/SKM_Manny_Simple.uexp" 283
"/Users/doddm/Documents/GitHub/SkyMage/SkyMage/Content/Characters/Mannequins/Meshes/SKM_Manny_Simple.uasset" 284
"../../../Engine/Content/BasicShapes/BasicShapeMaterial.uexp" 285
"../../../Engine/Content/BasicShapes/BasicShapeMaterial.uasset" 286
"/Users/doddm/Documents/GitHub/SkyMage/SkyMage/Content/LevelPrototyping/Materials/MI_PrototypeGrid_Gray.uexp" 287
"/Users/doddm/Documents/GitHub/SkyMage/SkyMage/Content/LevelPrototyping/Materials/MI_PrototypeGrid_Gray.uasset" 288
"/Users/doddm/Documents/GitHub/SkyMage/SkyMage/Content/LevelPrototyping/Meshes/SM_Cube.ubulk" 289
"/Users/doddm/Documents/GitHub/SkyMage/SkyMage/Content/LevelPrototyping/Meshes/SM_Cube.uexp" 290
"/Users/doddm/Documents/GitHub/SkyMage/SkyMage/Content/LevelPrototyping/Meshes/SM_Cube.uasset" 291
"/Users/doddm/Documents/GitHub/SkyMage/SkyMage/Content/VFX/NA_Systems/NS_CubeEX.uasset" 292
"/Users/doddm/Documents/GitHub/SkyMage/SkyMage/Content/VFX/NA_Systems/NS_CubeEX.uexp" 293
"/Users/doddm/Documents/GitHub/SkyMage/SkyMage/Content/FirstPerson/Blueprints/ExplosionParticle.uasset" 294
"/Users/doddm/Documents/GitHub/SkyMage/SkyMage/Content/FirstPerson/Blueprints/ExplosionParticle.uexp" 295
"/Users/doddm/Documents/GitHub/SkyMage/SkyMage/Content/FirstPerson/Blueprints/ExplosionProjectile.uasset" 296
"/Users/doddm/Documents/GitHub/SkyMage/SkyMage/Content/FirstPerson/Blueprints/ExplosionProjectile.uexp" 297
"/Users/doddm/Documents/GitHub/SkyMage/SkyMage/Content/Characters/Mannequins/Rigs/CR_Mannequin_FootIK.uexp" 298
"/Users/doddm/Documents/GitHub/SkyMage/SkyMage/Content/Characters/Mannequins/Rigs/CR_Mannequin_FootIK.uasset" 299
"../../../Engine/Content/Animation/DefaultVariableFrameStrippingSettings.uexp" 300
"../../../Engine/Content/Animation/DefaultVariableFrameStrippingSettings.uasset" 301
"../../../Engine/Content/Animation/DefaultAnimBoneCompressionSettings.uasset" 302
"../../../Engine/Content/Animation/DefaultAnimBoneCompressionSettings.uexp" 303
"../../../Engine/Content/Animation/DefaultAnimCurveCompressionSettings.uasset" 304
"../../../Engine/Content/Animation/DefaultAnimCurveCompressionSettings.uexp" 305
"/Users/doddm/Documents/GitHub/SkyMage/SkyMage/Content/Characters/Mannequins/Anims/Unarmed/MM_Idle.uexp" 306
"/Users/doddm/Documents/GitHub/SkyMage/SkyMage/Content/Characters/Mannequins/Anims/Unarmed/MM_Idle.uasset" 307
"../../../Engine/Plugins/Animation/ACLPlugin/Content/ACLAnimCurveCompressionSettings.uasset" 308
"../../../Engine/Plugins/Animation/ACLPlugin/Content/ACLAnimCurveCompressionSettings.uexp" 309
"../../../Engine/Content/Animation/DefaultRecorderBoneCompression.uexp" 310
"../../../Engine/Content/Animation/DefaultRecorderBoneCompression.uasset" 311
"/Users/doddm/Documents/GitHub/SkyMage/SkyMage/Content/Characters/Mannequins/Anims/Unarmed/Walk/MF_Unarmed_Walk_Fwd_Right.uexp" 312
"/Users/doddm/Documents/GitHub/SkyMage/SkyMage/Content/Characters/Mannequins/Anims/Unarmed/Walk/MF_Unarmed_Walk_Fwd_Right.uasset" 313
"/Users/doddm/Documents/GitHub/SkyMage/SkyMage/Content/Characters/Mannequins/Anims/Unarmed/Walk/MF_Unarmed_Walk_Fwd.uexp" 314
"/Users/doddm/Documents/GitHub/SkyMage/SkyMage/Content/Characters/Mannequins/Anims/Unarmed/Walk/MF_Unarmed_Walk_Fwd.uasset" 315
"/Users/doddm/Documents/GitHub/SkyMage/SkyMage/Content/Characters/Mannequins/Anims/Unarmed/Walk/MF_Unarmed_Walk_Right.uexp" 316
"/Users/doddm/Documents/GitHub/SkyMage/SkyMage/Content/Characters/Mannequins/Anims/Unarmed/Walk/MF_Unarmed_Walk_Right.uasset" 317
"/Users/doddm/Documents/GitHub/SkyMage/SkyMage/Content/Characters/Mannequins/Anims/Unarmed/Walk/MF_Unarmed_Walk_Left.uexp" 318
"/Users/doddm/Documents/GitHub/SkyMage/SkyMage/Content/Characters/Mannequins/Anims/Unarmed/Walk/MF_Unarmed_Walk_Left.uasset" 319
"/Users/doddm/Documents/GitHub/SkyMage/SkyMage/Content/Characters/Mannequins/Anims/Unarmed/Walk/MF_Unarmed_Walk_Bwd_Right.uexp" 320
"/Users/doddm/Documents/GitHub/SkyMage/SkyMage/Content/Characters/Mannequins/Anims/Unarmed/Walk/MF_Unarmed_Walk_Bwd_Right.uasset" 321
"/Users/doddm/Documents/GitHub/SkyMage/SkyMage/Content/Characters/Mannequins/Anims/Unarmed/Walk/MF_Unarmed_Walk_Bwd.uasset" 322
"/Users/doddm/Documents/GitHub/SkyMage/SkyMage/Content/Characters/Mannequins/Anims/Unarmed/Walk/MF_Unarmed_Walk_Bwd.uexp" 323
"/Users/doddm/Documents/GitHub/SkyMage/SkyMage/Content/Characters/Mannequins/Anims/Unarmed/Walk/MF_Unarmed_Walk_Fwd_Left.uasset" 324
"/Users/doddm/Documents/GitHub/SkyMage/SkyMage/Content/Characters/Mannequins/Anims/Unarmed/Walk/MF_Unarmed_Walk_Fwd_Left.uexp" 325
"/Users/doddm/Documents/GitHub/SkyMage/SkyMage/Content/Characters/Mannequins/Anims/Unarmed/Walk/MF_Unarmed_Walk_Bwd_Left.uasset" 326
"/Users/doddm/Documents/GitHub/SkyMage/SkyMage/Content/Characters/Mannequins/Anims/Unarmed/Walk/MF_Unarmed_Walk_Bwd_Left.uexp" 327
"/Users/doddm/Documents/GitHub/SkyMage/SkyMage/Content/Characters/Mannequins/Anims/Unarmed/Jog/MF_Unarmed_Jog_Fwd.uexp" 328
"/Users/doddm/Documents/GitHub/SkyMage/SkyMage/Content/Characters/Mannequins/Anims/Unarmed/Jog/MF_Unarmed_Jog_Fwd.uasset" 329
"/Users/doddm/Documents/GitHub/SkyMage/SkyMage/Content/Characters/Mannequins/Anims/Unarmed/Jog/MF_Unarmed_Jog_Left.uexp" 330
"/Users/doddm/Documents/GitHub/SkyMage/SkyMage/Content/Characters/Mannequins/Anims/Unarmed/Jog/MF_Unarmed_Jog_Left.uasset" 331
"/Users/doddm/Documents/GitHub/SkyMage/SkyMage/Content/Characters/Mannequins/Anims/Unarmed/Jog/MF_Unarmed_Jog_Right.uexp" 332
"/Users/doddm/Documents/GitHub/SkyMage/SkyMage/Content/Characters/Mannequins/Anims/Unarmed/Jog/MF_Unarmed_Jog_Right.uasset" 333
"/Users/doddm/Documents/GitHub/SkyMage/SkyMage/Content/Characters/Mannequins/Anims/Unarmed/Jog/MF_Unarmed_Jog_Bwd_Right.uasset" 334
"/Users/doddm/Documents/GitHub/SkyMage/SkyMage/Content/Characters/Mannequins/Anims/Unarmed/Jog/MF_Unarmed_Jog_Bwd_Right.uexp" 335
"/Users/doddm/Documents/GitHub/SkyMage/SkyMage/Content/Characters/Mannequins/Anims/Unarmed/Jog/MF_Unarmed_Jog_Fwd_Right.uasset" 336
"/Users/doddm/Documents/GitHub/SkyMage/SkyMage/Content/Characters/Mannequins/Anims/Unarmed/Jog/MF_Unarmed_Jog_Fwd_Right.uexp" 337
"/Users/doddm/Documents/GitHub/SkyMage/SkyMage/Content/Characters/Mannequins/Anims/Unarmed/Jog/MF_Unarmed_Jog_Bwd.uasset" 338
"/Users/doddm/Documents/GitHub/SkyMage/SkyMage/Content/Characters/Mannequins/Anims/Unarmed/Jog/MF_Unarmed_Jog_Bwd.uexp" 339
"/Users/doddm/Documents/GitHub/SkyMage/SkyMage/Content/Characters/Mannequins/Anims/Unarmed/Jog/MF_Unarmed_Jog_Bwd_Left.uasset" 340
"/Users/doddm/Documents/GitHub/SkyMage/SkyMage/Content/Characters/Mannequins/Anims/Unarmed/Jog/MF_Unarmed_Jog_Bwd_Left.uexp" 341
"/Users/doddm/Documents/GitHub/SkyMage/SkyMage/Content/Characters/Mannequins/Anims/Unarmed/Jog/MF_Unarmed_Jog_Fwd_Left.uasset" 342
"/Users/doddm/Documents/GitHub/SkyMage/SkyMage/Content/Characters/Mannequins/Anims/Unarmed/Jog/MF_Unarmed_Jog_Fwd_Left.uexp" 343
"/Users/doddm/Documents/GitHub/SkyMage/SkyMage/Content/Characters/Mannequins/Anims/Unarmed/BS_Idle_Walk_Run.uexp" 344
"/Users/doddm/Documents/GitHub/SkyMage/SkyMage/Content/Characters/Mannequins/Anims/Unarmed/BS_Idle_Walk_Run.uasset" 345
"/Users/doddm/Documents/GitHub/SkyMage/SkyMage/Content/Characters/Mannequins/Anims/Unarmed/Jump/MM_Fall_Loop.uexp" 346
"/Users/doddm/Documents/GitHub/SkyMage/SkyMage/Content/Characters/Mannequins/Anims/Unarmed/Jump/MM_Fall_Loop.uasset" 347
"/Users/doddm/Documents/GitHub/SkyMage/SkyMage/Content/Characters/Mannequins/Anims/Unarmed/Jump/MM_Jump.uasset" 348
"/Users/doddm/Documents/GitHub/SkyMage/SkyMage/Content/Characters/Mannequins/Anims/Unarmed/Jump/MM_Jump.uexp" 349
"/Users/doddm/Documents/GitHub/SkyMage/SkyMage/Content/Characters/Mannequins/Anims/Unarmed/Jump/MM_Land.uexp" 350
"/Users/doddm/Documents/GitHub/SkyMage/SkyMage/Content/Characters/Mannequins/Anims/Unarmed/Jump/MM_Land.uasset" 351
"/Users/doddm/Documents/GitHub/SkyMage/SkyMage/Content/Characters/Mannequins/Anims/Unarmed/ABP_Unarmed.uexp" 352
"/Users/doddm/Documents/GitHub/SkyMage/SkyMage/Content/Characters/Mannequins/Anims/Unarmed/ABP_Unarmed.uasset" 353
"/Users/doddm/Documents/GitHub/SkyMage/SkyMage/Content/ArtistDropbox/Glass.uexp" 354
"/Users/doddm/Documents/GitHub/SkyMage/SkyMage/Content/ArtistDropbox/Glass.uasset" 355
"/Users/doddm/Documents/GitHub/SkyMage/SkyMage/Content/ArtistDropbox/M_ManaLiquid.uexp" 356
"/Users/doddm/Documents/GitHub/SkyMage/SkyMage/Content/ArtistDropbox/M_ManaLiquid.uasset" 357
"/Users/doddm/Documents/GitHub/SkyMage/SkyMage/Content/ArtistDropbox/Turret_Skeleton.uasset" 358
"/Users/doddm/Documents/GitHub/SkyMage/SkyMage/Content/ArtistDropbox/Turret_Skeleton.uexp" 359
"../../../Engine/Content/EngineResources/DefaultTexture.uasset" 360
"../../../Engine/Content/EngineResources/DefaultTexture.uexp" 361
"../../../Engine/Content/EngineResources/DefaultTexture.ubulk" 362
"/Users/doddm/Documents/GitHub/SkyMage/SkyMage/Content/ArtistDropbox/Baseplate.uexp" 363
"/Users/doddm/Documents/GitHub/SkyMage/SkyMage/Content/ArtistDropbox/Baseplate.uasset" 364
"/Users/doddm/Documents/GitHub/SkyMage/SkyMage/Content/ArtistDropbox/Turret_PhysicsAsset.uasset" 365
"/Users/doddm/Documents/GitHub/SkyMage/SkyMage/Content/ArtistDropbox/Turret_PhysicsAsset.uexp" 366
"/Users/doddm/Documents/GitHub/SkyMage/SkyMage/Content/ArtistDropbox/Frame.uasset" 367
"/Users/doddm/Documents/GitHub/SkyMage/SkyMage/Content/ArtistDropbox/Frame.uexp" 368
"/Users/doddm/Documents/GitHub/SkyMage/SkyMage/Content/ArtistDropbox/Turret.uexp" 369
"/Users/doddm/Documents/GitHub/SkyMage/SkyMage/Content/ArtistDropbox/Turret.uasset" 370
"/Users/doddm/Documents/GitHub/SkyMage/SkyMage/Content/FirstPerson/EnemiesAndNPCs/BP_Turret.uasset" 371
"/Users/doddm/Documents/GitHub/SkyMage/SkyMage/Content/FirstPerson/EnemiesAndNPCs/BP_Turret.uexp" 372
"/Users/doddm/Documents/GitHub/SkyMage/SkyMage/Content/FirstPerson/Blueprints/BP_FirstPersonCharacter.uasset" 373
"/Users/doddm/Documents/GitHub/SkyMage/SkyMage/Content/FirstPerson/Blueprints/BP_FirstPersonCharacter.uexp" 374
"/Users/doddm/Documents/GitHub/SkyMage/SkyMage/Content/FirstPerson/Blueprints/CheckpointSpacialTrigger.uasset" 375
"/Users/doddm/Documents/GitHub/SkyMage/SkyMage/Content/FirstPerson/Blueprints/CheckpointSpacialTrigger.uexp" 376
"../../../Engine/Content/VREditor/BasicMeshes/T_CleanFloorGrunge_01_D.ubulk" 377
"../../../Engine/Content/VREditor/BasicMeshes/T_CleanFloorGrunge_01_D.uexp" 378
"../../../Engine/Content/VREditor/BasicMeshes/T_CleanFloorGrunge_01_D.uasset" 379
"../../../Engine/Content/VREditor/BasicMeshes/M_Floor_01.uasset" 380
"../../../Engine/Content/VREditor/BasicMeshes/M_Floor_01.uexp" 381
"../../../Engine/Content/VREditor/BasicMeshes/MI_Cube_03.uexp" 382
"../../../Engine/Content/VREditor/BasicMeshes/MI_Cube_03.uasset" 383
"/Users/doddm/Documents/GitHub/SkyMage/SkyMage/Content/FirstPerson/Blueprints/KillBrick.uexp" 384
"/Users/doddm/Documents/GitHub/SkyMage/SkyMage/Content/FirstPerson/Blueprints/KillBrick.uasset" 385
"../../../Engine/Content/EngineResources/FilmGrains/Marcie_Grain_v3_128_M2_000.uexp" 386
"../../../Engine/Content/EngineResources/FilmGrains/Marcie_Grain_v3_128_M2_000.uasset" 387
"../../../Engine/Content/EngineResources/Development/ZenLogo_64.uasset" 388
"../../../Engine/Content/EngineResources/Development/ZenLogo_64.uexp" 389
"../../../Engine/Content/EngineMaterials/LTC/GGX_LTCAmp.uexp" 390
"../../../Engine/Content/EngineMaterials/LTC/GGX_LTCAmp.uasset" 391
"../../../Engine/Content/EngineMaterials/LTC/Sheen_LTC.uasset" 392
"../../../Engine/Content/EngineMaterials/LTC/Sheen_LTC.uexp" 393
"../../../Engine/Content/EngineMaterials/LTC/GGX_LTCMat.uexp" 394
"../../../Engine/Content/EngineMaterials/LTC/GGX_LTCMat.uasset" 395
"../../../Engine/Content/EngineMaterials/EnergyConservation/Diffuse_Energy.uexp" 396
"../../../Engine/Content/EngineMaterials/EnergyConservation/Diffuse_Energy.uasset" 397
"../../../Engine/Content/EngineMaterials/EnergyConservation/SheenLegacy_Energy.uasset" 398
"../../../Engine/Content/EngineMaterials/EnergyConservation/SheenLegacy_Energy.uexp" 399
"../../../Engine/Content/EngineMaterials/EnergyConservation/Sheen_Energy.uasset" 400
"../../../Engine/Content/EngineMaterials/EnergyConservation/Sheen_Energy.uexp" 401
"../../../Engine/Content/EngineMaterials/EnergyConservation/GGX_TransmissionEnergyArray.uasset" 402
"../../../Engine/Content/EngineMaterials/EnergyConservation/GGX_TransmissionEnergyArray.uexp" 403
"../../../Engine/Content/EngineMaterials/EnergyConservation/GGX_ReflectionEnergy.uasset" 404
"../../../Engine/Content/EngineMaterials/EnergyConservation/GGX_ReflectionEnergy.uexp" 405
"../../../Engine/Content/EditorResources/SequenceRecorder/RecordingIndicator.uexp" 406
"../../../Engine/Content/EditorResources/SequenceRecorder/RecordingIndicator.uasset" 407
"../../../Engine/Content/EditorResources/SequenceRecorder/Countdown.uasset" 408
"../../../Engine/Content/EditorResources/SequenceRecorder/Countdown.uexp" 409
"../../../Engine/Content/EditorMaterials/ParticleSystems/PSysThumbnail_OOD.ubulk" 410
"../../../Engine/Content/EditorMaterials/ParticleSystems/PSysThumbnail_OOD.uexp" 411
"../../../Engine/Content/EditorMaterials/ParticleSystems/PSysThumbnail_OOD.uasset" 412
"../../../Engine/Content/EditorMaterials/ParticleSystems/PSysThumbnail_NoImage.ubulk" 413
"../../../Engine/Content/EditorMaterials/ParticleSystems/PSysThumbnail_NoImage.uexp" 414
"../../../Engine/Content/EditorMaterials/ParticleSystems/PSysThumbnail_NoImage.uasset" 415
"/Users/doddm/Documents/GitHub/SkyMage/SkyMage/Content/LevelPrototyping/Materials/M_FlatCol.uexp" 416
"/Users/doddm/Documents/GitHub/SkyMage/SkyMage/Content/LevelPrototyping/Materials/M_FlatCol.uasset" 417
"/Users/doddm/Documents/GitHub/SkyMage/SkyMage/Content/LevelPrototyping/Interactable/DoorTEMP/Assets/Meshes/SM_Door.uexp" 418
"/Users/doddm/Documents/GitHub/SkyMage/SkyMage/Content/LevelPrototyping/Interactable/DoorTEMP/Assets/Meshes/SM_Door.uasset" 419
"/Users/doddm/Documents/GitHub/SkyMage/SkyMage/Content/LevelPrototyping/Interactable/DoorTEMP/Assets/Meshes/SM_Door.ubulk" 420
"/Users/doddm/Documents/GitHub/SkyMage/SkyMage/Content/LevelPrototyping/Materials/MI_DefaultColorway.uasset" 421
"/Users/doddm/Documents/GitHub/SkyMage/SkyMage/Content/LevelPrototyping/Materials/MI_DefaultColorway.uexp" 422
"/Users/doddm/Documents/GitHub/SkyMage/SkyMage/Content/LevelPrototyping/Interactable/DoorTEMP/Assets/Meshes/SM_DoorFrame_Corner.ubulk" 423
"/Users/doddm/Documents/GitHub/SkyMage/SkyMage/Content/LevelPrototyping/Interactable/DoorTEMP/Assets/Meshes/SM_DoorFrame_Corner.uexp" 424
"/Users/doddm/Documents/GitHub/SkyMage/SkyMage/Content/LevelPrototyping/Interactable/DoorTEMP/Assets/Meshes/SM_DoorFrame_Corner.uasset" 425
"/Users/doddm/Documents/GitHub/SkyMage/SkyMage/Content/LevelPrototyping/Interactable/DoorTEMP/Assets/Meshes/SM_DoorFrame_Edge.uexp" 426
"/Users/doddm/Documents/GitHub/SkyMage/SkyMage/Content/LevelPrototyping/Interactable/DoorTEMP/Assets/Meshes/SM_DoorFrame_Edge.uasset" 427
"/Users/doddm/Documents/GitHub/SkyMage/SkyMage/Content/LevelPrototyping/Interactable/DoorTEMP/Assets/Meshes/SM_DoorFrame_Edge.ubulk" 428
"/Users/doddm/Documents/GitHub/SkyMage/SkyMage/Content/LevelPrototyping/Interactable/DoorTEMP/BP_DoorFrame.uasset" 429
"/Users/doddm/Documents/GitHub/SkyMage/SkyMage/Content/LevelPrototyping/Interactable/DoorTEMP/BP_DoorFrame.uexp" 430
"../../../Engine/Content/Functions/Engine_MaterialFunctions01/Shading/PowerToRoughness.uexp" 431
"../../../Engine/Content/Functions/Engine_MaterialFunctions01/Shading/PowerToRoughness.uasset" 432
"../../../Engine/Content/EditorMaterials/Dataflow/DataflowVertexMaterial.uasset" 433
"../../../Engine/Content/EditorMaterials/Dataflow/DataflowVertexMaterial.uexp" 434
"../../../Engine/Content/EditorMaterials/Dataflow/DataflowTwoSidedVertexMaterial.uasset" 435
"../../../Engine/Content/EditorMaterials/Dataflow/DataflowTwoSidedVertexMaterial.uexp" 436
"../../../Engine/Content/EditorLandscapeResources/DefaultAlphaTexture.uexp" 437
"../../../Engine/Content/EditorLandscapeResources/DefaultAlphaTexture.uasset" 438
"../../../Engine/Content/EditorLandscapeResources/LandscapeDirtyMaterial.uexp" 439
"../../../Engine/Content/EditorLandscapeResources/LandscapeDirtyMaterial.uasset" 440
"../../../Engine/Content/Functions/Engine_MaterialFunctions02/WorldPositionOffset/LocalPosition.uexp" 441
"../../../Engine/Content/Functions/Engine_MaterialFunctions02/WorldPositionOffset/LocalPosition.uasset" 442
"../../../Engine/Content/EngineMaterials/DefaultDiffuse.ubulk" 443
"../../../Engine/Content/EngineMaterials/DefaultDiffuse.uexp" 444
"../../../Engine/Content/EngineMaterials/DefaultDiffuse.uasset" 445
"../../../Engine/Content/Functions/Engine_MaterialFunctions01/Texturing/TextureCropping.uasset" 446
"../../../Engine/Content/Functions/Engine_MaterialFunctions01/Texturing/TextureCropping.uexp" 447
"../../../Engine/Content/Functions/Engine_MaterialFunctions02/ExampleContent/DebugNumberStrip.uexp" 448
"../../../Engine/Content/Functions/Engine_MaterialFunctions02/ExampleContent/DebugNumberStrip.uasset" 449
"../../../Engine/Content/Functions/Engine_MaterialFunctions01/Debug/DebugIntValues.uexp" 450
"../../../Engine/Content/Functions/Engine_MaterialFunctions01/Debug/DebugIntValues.uasset" 451
"../../../Engine/Content/EditorLandscapeResources/LandscapeLayerUsageMaterial.uexp" 452
"../../../Engine/Content/EditorLandscapeResources/LandscapeLayerUsageMaterial.uasset" 453
"../../../Engine/Content/EditorLandscapeResources/WhiteSquareTexture.uexp" 454
"../../../Engine/Content/EditorLandscapeResources/WhiteSquareTexture.uasset" 455
"../../../Engine/Content/EditorLandscapeResources/LayerVisMaterial.uexp" 456
"../../../Engine/Content/EditorLandscapeResources/LayerVisMaterial.uasset" 457
"../../../Engine/Content/EditorMaterials/PreviewShadowIndicator.uasset" 458
"../../../Engine/Content/EditorMaterials/PreviewShadowIndicator.uexp" 459
"../../../Engine/Content/EditorMaterials/PreviewShadowIndicator.ubulk" 460
"../../../Engine/Content/EditorMaterials/PreviewShadowIndicatorMaterial.uasset" 461
"../../../Engine/Content/EditorMaterials/PreviewShadowIndicatorMaterial.uexp" 462
"../../../Engine/Content/EditorMaterials/PhAT_NoCollisionMaterial.uexp" 463
"../../../Engine/Content/EditorMaterials/PhAT_NoCollisionMaterial.uasset" 464
"../../../Engine/Content/EditorMaterials/PhAT_UnselectedMaterial.uexp" 465
"../../../Engine/Content/EditorMaterials/PhAT_UnselectedMaterial.uasset" 466
"../../../Engine/Content/EngineDebugMaterials/DebugEditorMaterial.uasset" 467
"../../../Engine/Content/EngineDebugMaterials/DebugEditorMaterial.uexp" 468
"../../../Engine/Content/Functions/Engine_MaterialFunctions02/Utility/CameraDirectionVector.uexp" 469
"../../../Engine/Content/Functions/Engine_MaterialFunctions02/Utility/CameraDirectionVector.uasset" 470
"../../../Engine/Content/EngineDebugMaterials/VolumeToRender.uexp" 471
"../../../Engine/Content/EngineDebugMaterials/VolumeToRender.uasset" 472
"../../../Engine/Content/EngineDebugMaterials/M_VolumeRenderSphereTracePP.uexp" 473
"../../../Engine/Content/EngineDebugMaterials/M_VolumeRenderSphereTracePP.uasset" 474
"../../../Engine/Content/EngineDebugMaterials/M_SimpleUnlitTranslucent.uexp" 475
"../../../Engine/Content/EngineDebugMaterials/M_SimpleUnlitTranslucent.uasset" 476
"../../../Engine/Content/EngineDebugMaterials/DebugMeshMaterial.uexp" 477
"../../../Engine/Content/EngineDebugMaterials/DebugMeshMaterial.uasset" 478
"../../../Engine/Content/EngineMaterials/DefaultCalibrationGrayscale.uexp" 479
"../../../Engine/Content/EngineMaterials/DefaultCalibrationGrayscale.uasset" 480
"../../../Engine/Content/EngineMaterials/PPM_DefaultCalibrationGrayscale.uasset" 481
"../../../Engine/Content/EngineMaterials/PPM_DefaultCalibrationGrayscale.uexp" 482
"../../../Engine/Content/EngineMaterials/NaniteHiddenSectionMaterial.uasset" 483
"../../../Engine/Content/EngineMaterials/NaniteHiddenSectionMaterial.uexp" 484
"../../../Engine/Content/EngineMaterials/DefaultCalibrationColor.uexp" 485
"../../../Engine/Content/EngineMaterials/DefaultCalibrationColor.uasset" 486
"../../../Engine/Content/EngineMaterials/PPM_DefaultCalibrationColor.uasset" 487
"../../../Engine/Content/EngineMaterials/PPM_DefaultCalibrationColor.uexp" 488
"../../../Engine/Content/Functions/Engine_MaterialFunctions02/WorldPositionOffset/CameraOffset.uexp" 489
"../../../Engine/Content/Functions/Engine_MaterialFunctions02/WorldPositionOffset/CameraOffset.uasset" 490
"../../../Engine/Content/EngineMaterials/PhAT_JointLimitMaterial.uasset" 491
"../../../Engine/Content/EngineMaterials/PhAT_JointLimitMaterial.uexp" 492
"../../../Engine/Content/EngineMaterials/GizmoMaterial.uexp" 493
"../../../Engine/Content/EngineMaterials/GizmoMaterial.uasset" 494
"../../../Engine/Content/EngineMaterials/BaseFlattenLinearColor.uasset" 495
"../../../Engine/Content/EngineMaterials/BaseFlattenLinearColor.uexp" 496
"../../../Engine/Content/EngineMaterials/BaseFlattenEmissiveMap.uexp" 497
"../../../Engine/Content/EngineMaterials/BaseFlattenEmissiveMap.uasset" 498
"../../../Engine/Content/EngineMaterials/BaseFlattenNormalMap.uexp" 499
"../../../Engine/Content/EngineMaterials/BaseFlattenNormalMap.uasset" 500
"../../../Engine/Content/EngineMaterials/BaseFlattenDiffuseMap.uasset" 501
"../../../Engine/Content/EngineMaterials/BaseFlattenDiffuseMap.uexp" 502
"../../../Engine/Content/EngineMaterials/BaseFlattenGrayscaleMap.uasset" 503
"../../../Engine/Content/EngineMaterials/BaseFlattenGrayscaleMap.uexp" 504
"../../../Engine/Content/Functions/Engine_MaterialFunctions02/PivotPainter2/Black_1x1_EXR_Texture.uexp" 505
"../../../Engine/Content/Functions/Engine_MaterialFunctions02/PivotPainter2/Black_1x1_EXR_Texture.uasset" 506
"../../../Engine/Content/EngineMaterials/FlattenMaterial.uasset" 507
"../../../Engine/Content/EngineMaterials/FlattenMaterial.uexp" 508
"../../../Engine/Content/EngineMaterials/DefaultWhiteGrid_Low.uasset" 509
"../../../Engine/Content/EngineMaterials/DefaultWhiteGrid_Low.uexp" 510
"../../../Engine/Content/EngineMaterials/EmissiveMeshMaterial.uexp" 511
"../../../Engine/Content/EngineMaterials/EmissiveMeshMaterial.uasset" 512
"../../../Engine/Content/EngineMaterials/BaseFlattenEmissiveMap_VT.ubulk" 513
"../../../Engine/Content/EngineMaterials/BaseFlattenEmissiveMap_VT.uexp" 514
"../../../Engine/Content/EngineMaterials/BaseFlattenEmissiveMap_VT.uasset" 515
"../../../Engine/Content/EngineMaterials/BaseFlattenDiffuseMap_VT.uasset" 516
"../../../Engine/Content/EngineMaterials/BaseFlattenDiffuseMap_VT.ubulk" 517
"../../../Engine/Content/EngineMaterials/BaseFlattenDiffuseMap_VT.uexp" 518
"../../../Engine/Content/EngineMaterials/BaseFlattenLinearColor_VT.uasset" 519
"../../../Engine/Content/EngineMaterials/BaseFlattenLinearColor_VT.ubulk" 520
"../../../Engine/Content/EngineMaterials/BaseFlattenLinearColor_VT.uexp" 521
"../../../Engine/Content/EngineMaterials/BaseFlattenGrayscaleMap_VT.uexp" 522
"../../../Engine/Content/EngineMaterials/BaseFlattenGrayscaleMap_VT.ubulk" 523
"../../../Engine/Content/EngineMaterials/BaseFlattenGrayscaleMap_VT.uasset" 524
"../../../Engine/Content/EngineMaterials/BaseFlattenNormalMap_VT.uasset" 525
"../../../Engine/Content/EngineMaterials/BaseFlattenNormalMap_VT.ubulk" 526
"../../../Engine/Content/EngineMaterials/BaseFlattenNormalMap_VT.uexp" 527
"../../../Engine/Content/EngineMaterials/Black_1x1_EXR_Texture_VT.uexp" 528
"../../../Engine/Content/EngineMaterials/Black_1x1_EXR_Texture_VT.uasset" 529
"../../../Engine/Content/EngineMaterials/Black_1x1_EXR_Texture_VT.ubulk" 530
"../../../Engine/Content/EngineMaterials/FlattenMaterial_WS_Normal_VT.uexp" 531
"../../../Engine/Content/EngineMaterials/FlattenMaterial_WS_Normal_VT.uasset" 532
"../../../Engine/Content/EngineMaterials/RemoveSurfaceMaterial.uasset" 533
"../../../Engine/Content/EngineMaterials/RemoveSurfaceMaterial.uexp" 534
"../../../Engine/Content/EngineMaterials/DefaultDeferredDecalMaterial.uexp" 535
"../../../Engine/Content/EngineMaterials/DefaultDeferredDecalMaterial.uasset" 536
"../../../Engine/Content/EngineMaterials/DefaultPostProcessMaterial.uexp" 537
"../../../Engine/Content/EngineMaterials/DefaultPostProcessMaterial.uasset" 538
"../../../Engine/Content/EngineMaterials/FlattenMaterial_VT.uasset" 539
"../../../Engine/Content/EngineMaterials/FlattenMaterial_VT.uexp" 540
"../../../Engine/Content/EngineMaterials/InvalidLightmapSettings.ubulk" 541
"../../../Engine/Content/EngineMaterials/InvalidLightmapSettings.uasset" 542
"../../../Engine/Content/EngineMaterials/InvalidLightmapSettings.uexp" 543
"../../../Engine/Content/EngineMaterials/M_InvalidLightmapSettings.uexp" 544
"../../../Engine/Content/EngineMaterials/M_InvalidLightmapSettings.uasset" 545
"../../../Engine/Content/EngineFonts/RobotoDistanceField.uexp" 546
"../../../Engine/Content/EngineFonts/RobotoDistanceField.uasset" 547
"../../../Engine/Content/EngineMaterials/DefaultTextMaterialOpaque.uexp" 548
"../../../Engine/Content/EngineMaterials/DefaultTextMaterialOpaque.uasset" 549
"../../../Engine/Content/EngineMaterials/DefaultLightFunctionMaterial.uasset" 550
"../../../Engine/Content/EngineMaterials/DefaultLightFunctionMaterial.uexp" 551
"../../../Engine/Plugins/Animation/ControlRig/Content/Controls/ControlRigGizmoMaterial.uasset" 552
"../../../Engine/Plugins/Animation/ControlRig/Content/Controls/ControlRigGizmoMaterial.uexp" 553
"../../../Engine/Plugins/Animation/ControlRig/Content/Controls/ControlRigXRayMaterial.uexp" 554
"../../../Engine/Plugins/Animation/ControlRig/Content/Controls/ControlRigXRayMaterial.uasset" 555
"../../../Engine/Content/Functions/Engine_MaterialFunctions02/Utility/VectorLength.uexp" 556
"../../../Engine/Content/Functions/Engine_MaterialFunctions02/Utility/VectorLength.uasset" 557
"../../../Engine/Content/Functions/Engine_MaterialFunctions02/SafeNormalize.uasset" 558
"../../../Engine/Content/Functions/Engine_MaterialFunctions02/SafeNormalize.uexp" 559
"../../../Engine/Content/Functions/Engine_MaterialFunctions02/Utility/BreakOutFloat3Components.uasset" 560
"../../../Engine/Content/Functions/Engine_MaterialFunctions02/Utility/BreakOutFloat3Components.uexp" 561
"../../../Engine/Content/Functions/Engine_MaterialFunctions02/WorldPositionOffset/ObjectScale.uexp" 562
"../../../Engine/Content/Functions/Engine_MaterialFunctions02/WorldPositionOffset/ObjectScale.uasset" 563
"../../../Engine/Plugins/Editor/SpeedTreeImporter/Content/SpeedTree9/game_wind_noise.uexp" 564
"../../../Engine/Plugins/Editor/SpeedTreeImporter/Content/SpeedTree9/game_wind_noise.uasset" 565
"../../../Engine/Plugins/Editor/SpeedTreeImporter/Content/SpeedTree9/game_wind_noise.ubulk" 566
"../../../Engine/Plugins/Editor/SpeedTreeImporter/Content/SpeedTree9/SpeedTreeWindMotion.uexp" 567
"../../../Engine/Plugins/Editor/SpeedTreeImporter/Content/SpeedTree9/SpeedTreeWindMotion.uasset" 568
"../../../Engine/Plugins/Editor/SpeedTreeImporter/Content/SpeedTree9/UnpackInteger3.uexp" 569
"../../../Engine/Plugins/Editor/SpeedTreeImporter/Content/SpeedTree9/UnpackInteger3.uasset" 570
"../../../Engine/Plugins/Editor/SpeedTreeImporter/Content/SpeedTree9/UnpackDirection.uexp" 571
"../../../Engine/Plugins/Editor/SpeedTreeImporter/Content/SpeedTree9/UnpackDirection.uasset" 572
"../../../Engine/Plugins/Editor/SpeedTreeImporter/Content/SpeedTree9/SpeedTreeBranchMotion.uexp" 573
"../../../Engine/Plugins/Editor/SpeedTreeImporter/Content/SpeedTree9/SpeedTreeBranchMotion.uasset" 574
"../../../Engine/Content/Functions/Engine_MaterialFunctions02/ObjectLocalBounds.uasset" 575
"../../../Engine/Content/Functions/Engine_MaterialFunctions02/ObjectLocalBounds.uexp" 576
"../../../Engine/Plugins/Editor/SpeedTreeImporter/Content/SpeedTree9/Empty.uasset" 577
"../../../Engine/Plugins/Editor/SpeedTreeImporter/Content/SpeedTree9/Empty.uexp" 578
"../../../Engine/Plugins/Editor/SpeedTreeImporter/Content/SpeedTree9/EmptyNormal.uasset" 579
"../../../Engine/Plugins/Editor/SpeedTreeImporter/Content/SpeedTree9/EmptyNormal.uexp" 580
"../../../Engine/Content/Functions/Engine_MaterialFunctions02/UVs/BoundingBoxBased_0-1_UVW.uexp" 581
"../../../Engine/Content/Functions/Engine_MaterialFunctions02/UVs/BoundingBoxBased_0-1_UVW.uasset" 582
"../../../Engine/Plugins/Editor/SpeedTreeImporter/Content/SpeedTree9/SpeedTreeWind.uasset" 583
"../../../Engine/Plugins/Editor/SpeedTreeImporter/Content/SpeedTree9/SpeedTreeWind.uexp" 584
"../../../Engine/Plugins/Editor/SpeedTreeImporter/Content/SpeedTree9/SpeedTreeBillboard.uexp" 585
"../../../Engine/Plugins/Editor/SpeedTreeImporter/Content/SpeedTree9/SpeedTreeBillboard.uasset" 586
"../../../Engine/Plugins/Editor/SpeedTreeImporter/Content/SpeedTree9/SpeedTreeBillboardMaster.uasset" 587
"../../../Engine/Plugins/Editor/SpeedTreeImporter/Content/SpeedTree9/SpeedTreeBillboardMaster.uexp" 588
"../../../Engine/Plugins/Editor/SpeedTreeImporter/Content/SpeedTree9/SpeedTreeCameraFacing.uasset" 589
"../../../Engine/Plugins/Editor/SpeedTreeImporter/Content/SpeedTree9/SpeedTreeCameraFacing.uexp" 590
"../../../Engine/Plugins/Editor/SpeedTreeImporter/Content/SpeedTree9/SpeedTreeMaster.uexp" 591
"../../../Engine/Plugins/Editor/SpeedTreeImporter/Content/SpeedTree9/SpeedTreeMaster.uasset" 592
"../../../Engine/Plugins/Interchange/Assets/Content/Functions/MF_IridescenceNoLUT.uexp" 593
"../../../Engine/Plugins/Interchange/Assets/Content/Functions/MF_IridescenceNoLUT.uasset" 594
"../../../Engine/Plugins/Interchange/Assets/Content/Functions/MX_StandardSurface.uasset" 595
"../../../Engine/Plugins/Interchange/Assets/Content/Functions/MX_StandardSurface.uexp" 596
"../../../Engine/Plugins/Interchange/Assets/Content/Functions/MX_TransmissionSurface.uexp" 597
"../../../Engine/Plugins/Interchange/Assets/Content/Functions/MX_TransmissionSurface.uasset" 598
"../../../Engine/Plugins/Interchange/Assets/Content/Functions/MX_OpenPBR_Translucent.uasset" 599
"../../../Engine/Plugins/Interchange/Assets/Content/Functions/MX_OpenPBR_Translucent.uexp" 600
"../../../Engine/Plugins/Interchange/Assets/Content/Functions/MX_ThinFilmBSDF.uasset" 601
"../../../Engine/Plugins/Interchange/Assets/Content/Functions/MX_ThinFilmBSDF.uexp" 602
"../../../Engine/Plugins/Interchange/Assets/Content/Functions/MX_OrenNayarBSDF.uasset" 603
"../../../Engine/Plugins/Interchange/Assets/Content/Functions/MX_OrenNayarBSDF.uexp" 604
"../../../Engine/Plugins/Interchange/Assets/Content/Functions/MX_AbsorptionVDF.uasset" 605
"../../../Engine/Plugins/Interchange/Assets/Content/Functions/MX_AbsorptionVDF.uexp" 606
"../../../Engine/Plugins/Interchange/Assets/Content/Functions/MX_DielectricBSDF.uasset" 607
"../../../Engine/Plugins/Interchange/Assets/Content/Functions/MX_DielectricBSDF.uexp" 608
"../../../Engine/Plugins/Interchange/Assets/Content/Functions/MX_BurleyDiffuseBSDF.uasset" 609
"../../../Engine/Plugins/Interchange/Assets/Content/Functions/MX_BurleyDiffuseBSDF.uexp" 610
"../../../Engine/Plugins/Interchange/Assets/Content/Functions/MX_MeasuredEDF.uasset" 611
"../../../Engine/Plugins/Interchange/Assets/Content/Functions/MX_MeasuredEDF.uexp" 612
"../../../Engine/Plugins/Interchange/Assets/Content/Functions/MX_ConicalEDF.uasset" 613
"../../../Engine/Plugins/Interchange/Assets/Content/Functions/MX_ConicalEDF.uexp" 614
"../../../Engine/Plugins/Interchange/Assets/Content/Functions/MX_SubsurfaceBSDF.uexp" 615
"../../../Engine/Plugins/Interchange/Assets/Content/Functions/MX_SubsurfaceBSDF.uasset" 616
"../../../Engine/Plugins/Interchange/Assets/Content/Functions/MX_SheenBSDF.uexp" 617
"../../../Engine/Plugins/Interchange/Assets/Content/Functions/MX_SheenBSDF.uasset" 618
"../../../Engine/Plugins/Interchange/Assets/Content/Functions/MX_AnisotropicVDF.uexp" 619
"../../../Engine/Plugins/Interchange/Assets/Content/Functions/MX_AnisotropicVDF.uasset" 620
"../../../Engine/Plugins/Interchange/Assets/Content/Functions/MX_TranslucentBSDF.uasset" 621
"../../../Engine/Plugins/Interchange/Assets/Content/Functions/MX_TranslucentBSDF.uexp" 622
"../../../Engine/Plugins/Interchange/Assets/Content/Functions/MX_UsdPreviewSurface.uexp" 623
"../../../Engine/Plugins/Interchange/Assets/Content/Functions/MX_UsdPreviewSurface.uasset" 624
"../../../Engine/Plugins/Interchange/Assets/Content/Functions/MX_OpenPBR_Opaque.uexp" 625
"../../../Engine/Plugins/Interchange/Assets/Content/Functions/MX_OpenPBR_Opaque.uasset" 626
"../../../Engine/Plugins/Interchange/Assets/Content/Functions/MX_ConductorBSDF.uexp" 627
"../../../Engine/Plugins/Interchange/Assets/Content/Functions/MX_ConductorBSDF.uasset" 628
"../../../Engine/Plugins/Interchange/Assets/Content/Functions/MX_SurfaceUnlit.uasset" 629
"../../../Engine/Plugins/Interchange/Assets/Content/Functions/MX_SurfaceUnlit.uexp" 630
"../../../Engine/Plugins/Interchange/Assets/Content/Functions/MX_Surface.uexp" 631
"../../../Engine/Plugins/Interchange/Assets/Content/Functions/MX_Surface.uasset" 632
"../../../Engine/Plugins/Interchange/Assets/Content/Functions/MX_UniformEDF.uexp" 633
"../../../Engine/Plugins/Interchange/Assets/Content/Functions/MX_UniformEDF.uasset" 634
"../../../Engine/Plugins/Interchange/Assets/Content/Functions/MX_GeneralizedSchlickBSDF.uexp" 635
"../../../Engine/Plugins/Interchange/Assets/Content/Functions/MX_GeneralizedSchlickBSDF.uasset" 636
"../../../Engine/Plugins/Interchange/Assets/Content/Functions/MX_Displacement.uexp" 637
"../../../Engine/Plugins/Interchange/Assets/Content/Functions/MX_Displacement.uasset" 638
"../../../Engine/Plugins/Runtime/HairStrands/Content/Materials/HairMeshesDefaultMaterial.uasset" 639
"../../../Engine/Plugins/Runtime/HairStrands/Content/Materials/HairMeshesDefaultMaterial.uexp" 640
"../../../Engine/Plugins/Runtime/HairStrands/Content/Materials/HairDefaultMaterial.uasset" 641
"../../../Engine/Plugins/Runtime/HairStrands/Content/Materials/HairDefaultMaterial.uexp" 642
"../../../Engine/Content/Functions/Engine_MaterialFunctions02/Utility/MakeFloat2.uexp" 643
"../../../Engine/Content/Functions/Engine_MaterialFunctions02/Utility/MakeFloat2.uasset" 644
"../../../Engine/Plugins/Runtime/HairStrands/Content/Materials/HairGroupColors.uexp" 645
"../../../Engine/Plugins/Runtime/HairStrands/Content/Materials/HairGroupColors.uasset" 646
"../../../Engine/Content/EngineMaterials/HairColorMap.uasset" 647
"../../../Engine/Content/EngineMaterials/HairColorMap.uexp" 648
"../../../Engine/Content/EngineMaterials/HairDebugColor.uexp" 649
"../../../Engine/Content/EngineMaterials/HairDebugColor.uasset" 650
"../../../Engine/Content/Functions/Engine_MaterialFunctions02/Utility/MakeFloat3.uexp" 651
"../../../Engine/Content/Functions/Engine_MaterialFunctions02/Utility/MakeFloat3.uasset" 652
"../../../Engine/Plugins/Runtime/HairStrands/Content/Materials/HairDebugMaterial.uexp" 653
"../../../Engine/Plugins/Runtime/HairStrands/Content/Materials/HairDebugMaterial.uasset" 654
"../../../Engine/Plugins/Runtime/HairStrands/Content/Materials/HairCardsDefaultMaterial.uexp" 655
"../../../Engine/Plugins/Runtime/HairStrands/Content/Materials/HairCardsDefaultMaterial.uasset" 656
"../../../Engine/Plugins/VirtualProduction/CameraCalibrationCore/Content/Materials/M_DefaultOddSquare.uasset" 657
"../../../Engine/Plugins/VirtualProduction/CameraCalibrationCore/Content/Materials/M_DefaultOddSquare.uexp" 658
"../../../Engine/Plugins/VirtualProduction/CameraCalibrationCore/Content/Materials/M_DefaultEvenSquare.uexp" 659
"../../../Engine/Plugins/VirtualProduction/CameraCalibrationCore/Content/Materials/M_DefaultEvenSquare.uasset" 660
"../../../Engine/Plugins/Animation/ControlRig/Content/M_Manip.uasset" 661
"../../../Engine/Plugins/Animation/ControlRig/Content/M_Manip.uexp" 662
"../../../Engine/Content/EngineMeshes/Sphere.uexp" 663
"../../../Engine/Content/EngineMeshes/Sphere.ubulk" 664
"../../../Engine/Content/EngineMeshes/Sphere.uasset" 665
"../../../Engine/Content/EngineResources/DefaultTextureCube.uasset" 666
"../../../Engine/Content/EngineResources/DefaultTextureCube.uexp" 667
"../../../Engine/Content/EditorMaterials/Camera/CineMat.uasset" 668
"../../../Engine/Content/EditorMaterials/Camera/CineMat.uexp" 669
"../../../Engine/Content/EditorMaterials/Camera/MI_CineMat_Rig.uasset" 670
"../../../Engine/Content/EditorMaterials/Camera/MI_CineMat_Rig.uexp" 671
"../../../Engine/Content/EditorMeshes/Camera/SM_CraneRig_Base.ubulk" 672
"../../../Engine/Content/EditorMeshes/Camera/SM_CraneRig_Base.uexp" 673
"../../../Engine/Content/EditorMeshes/Camera/SM_CraneRig_Base.uasset" 674
"../../../Engine/Content/EditorMeshes/Camera/SM_CraneRig_Arm.ubulk" 675
"../../../Engine/Content/EditorMeshes/Camera/SM_CraneRig_Arm.uexp" 676
"../../../Engine/Content/EditorMeshes/Camera/SM_CraneRig_Arm.uasset" 677
"../../../Engine/Content/EditorMeshes/Camera/SM_CraneRig_Mount.uexp" 678
"../../../Engine/Content/EditorMeshes/Camera/SM_CraneRig_Mount.ubulk" 679
"../../../Engine/Content/EditorMeshes/Camera/SM_CraneRig_Mount.uasset" 680
"../../../Engine/Content/EditorMeshes/Camera/SM_CraneRig_Body.ubulk" 681
"../../../Engine/Content/EditorMeshes/Camera/SM_CraneRig_Body.uasset" 682
"../../../Engine/Content/EditorMeshes/Camera/SM_CraneRig_Body.uexp" 683
"../../../Engine/Content/EditorMeshes/Camera/SM_RailRig_Track.uexp" 684
"../../../Engine/Content/EditorMeshes/Camera/SM_RailRig_Track.ubulk" 685
"../../../Engine/Content/EditorMeshes/Camera/SM_RailRig_Track.uasset" 686
"../../../Engine/Content/EditorMeshes/Camera/SM_RailRig_Mount.ubulk" 687
"../../../Engine/Content/EditorMeshes/Camera/SM_RailRig_Mount.uexp" 688
"../../../Engine/Content/EditorMeshes/Camera/SM_RailRig_Mount.uasset" 689
"../../../Engine/Content/VREditor/TransformGizmo/Main.uasset" 690
"../../../Engine/Content/VREditor/TransformGizmo/Main.uexp" 691
"../../../Engine/Content/VREditor/TransformGizmo/Xray.uexp" 692
"../../../Engine/Content/VREditor/TransformGizmo/Xray.uasset" 693
"../../../Engine/Content/VREditor/TransformGizmo/SM_Sequencer_Node.uexp" 694
"../../../Engine/Content/VREditor/TransformGizmo/SM_Sequencer_Node.ubulk" 695
"../../../Engine/Content/VREditor/TransformGizmo/SM_Sequencer_Node.uasset" 696
"../../../Engine/Content/EditorLandscapeResources/SplineEditorMeshMat.uasset" 697
"../../../Engine/Content/EditorLandscapeResources/SplineEditorMeshMat.uexp" 698
"../../../Engine/Content/EditorLandscapeResources/SplineEditorMesh.uexp" 699
"../../../Engine/Content/EditorLandscapeResources/SplineEditorMesh.uasset" 700
"../../../Engine/Content/EditorLandscapeResources/SplineEditorMesh.ubulk" 701
"../../../Engine/Content/ArtTools/RenderToTexture/Meshes/S_1_Unit_Plane.uexp" 702
"../../../Engine/Content/ArtTools/RenderToTexture/Meshes/S_1_Unit_Plane.ubulk" 703
"../../../Engine/Content/ArtTools/RenderToTexture/Meshes/S_1_Unit_Plane.uasset" 704
"../../../Engine/Content/EngineMaterials/Substrate/GLints/AGlintTex2dArray.uasset" 705
"../../../Engine/Content/EngineMaterials/Substrate/GLints/AGlintTex2dArray.uexp" 706
"../../../Engine/Content/EngineMaterials/Substrate/Glints2/AGlintTex2dArray2.uasset" 707
"../../../Engine/Content/EngineMaterials/Substrate/Glints2/AGlintTex2dArray2.uexp" 708
"../../../Engine/Content/EngineMaterials/Substrate/Volume/SubstrateSimpleVolumeLUT3D.uasset" 709
"../../../Engine/Content/EngineMaterials/Substrate/Volume/SubstrateSimpleVolumeLUT3D.uexp" 710
"../../../Engine/Content/EngineMaterials/Substrate/Volume/SubstrateSimpleVolumeEnvLUT3D.uexp" 711
"../../../Engine/Content/EngineMaterials/Substrate/Volume/SubstrateSimpleVolumeEnvLUT3D.uasset" 712
"../../../Engine/Content/Functions/Engine_MaterialFunctions01/Shading/ConvertFromDiffSpec.uexp" 713
"../../../Engine/Content/Functions/Engine_MaterialFunctions01/Shading/ConvertFromDiffSpec.uasset" 714
"../../../Engine/Content/EditorShellMaterials/T_Base.uexp" 715
"../../../Engine/Content/EditorShellMaterials/T_Base.uasset" 716
"../../../Engine/Content/EditorShellMaterials/T_BaseOverlay.uasset" 717
"../../../Engine/Content/EditorShellMaterials/T_BaseOverlay.ubulk" 718
"../../../Engine/Content/EditorShellMaterials/T_BaseOverlay.uexp" 719
"../../../Engine/Content/EditorShellMaterials/M_ShellMaster.uasset" 720
"../../../Engine/Content/EditorShellMaterials/M_ShellMaster.uexp" 721
"../../../Engine/Content/EditorShellMaterials/ManualUVs/MI_Shell_128_MUV.uexp" 722
"../../../Engine/Content/EditorShellMaterials/ManualUVs/MI_Shell_128_MUV.uasset" 723
"../../../Engine/Content/EditorShellMaterials/WorldUVs/MI_Shell_256_WUV.uexp" 724
"../../../Engine/Content/EditorShellMaterials/WorldUVs/MI_Shell_256_WUV.uasset" 725
"../../../Engine/Content/VREditor/LaserPointer/VR_LaserPower_01.uexp" 726
"../../../Engine/Content/VREditor/LaserPointer/VR_LaserPower_01.ubulk" 727
"../../../Engine/Content/VREditor/LaserPointer/VR_LaserPower_01.uasset" 728
"../../../Engine/Content/VREditor/TransformGizmo/TransformGizmoMaterial.uasset" 729
"../../../Engine/Content/VREditor/TransformGizmo/TransformGizmoMaterial.uexp" 730
"../../../Engine/Content/VREditor/TransformGizmo/TranslucentTransformGizmoMaterial.uasset" 731
"../../../Engine/Content/VREditor/TransformGizmo/TranslucentTransformGizmoMaterial.uexp" 732
"../../../Engine/Content/VREditor/TransformGizmo/BoundingBoxCorner.ubulk" 733
"../../../Engine/Content/VREditor/TransformGizmo/BoundingBoxCorner.uasset" 734
"../../../Engine/Content/VREditor/TransformGizmo/BoundingBoxCorner.uexp" 735
"../../../Engine/Content/VREditor/TransformGizmo/BoundingBoxEdge.ubulk" 736
"../../../Engine/Content/VREditor/TransformGizmo/BoundingBoxEdge.uexp" 737
"../../../Engine/Content/VREditor/TransformGizmo/BoundingBoxEdge.uasset" 738
"../../../Engine/Plugins/Interchange/Assets/Content/Utilities/New_LUT.uasset" 739
"../../../Engine/Plugins/Interchange/Assets/Content/Utilities/New_LUT.uexp" 740
"../../../Engine/Content/Functions/Engine_MaterialFunctions03/Math/RemapValueRange.uexp" 741
"../../../Engine/Content/Functions/Engine_MaterialFunctions03/Math/RemapValueRange.uasset" 742
"../../../Engine/Plugins/Interchange/Assets/Content/Functions/MF_Iridescence.uasset" 743
"../../../Engine/Plugins/Interchange/Assets/Content/Functions/MF_Iridescence.uexp" 744
"../../../Engine/Plugins/Interchange/Assets/Content/gltf/Textures/T_White_srgb.uasset" 745
"../../../Engine/Plugins/Interchange/Assets/Content/gltf/Textures/T_White_srgb.uexp" 746
"../../../Engine/Plugins/Interchange/Assets/Content/gltf/MaterialFunctions/MF_BaseColor.uexp" 747
"../../../Engine/Plugins/Interchange/Assets/Content/gltf/MaterialFunctions/MF_BaseColor.uasset" 748
"../../../Engine/Plugins/Interchange/Assets/Content/gltf/MaterialFunctions/MF_Emissive.uexp" 749
"../../../Engine/Plugins/Interchange/Assets/Content/gltf/MaterialFunctions/MF_Emissive.uasset" 750
"../../../Engine/Plugins/Interchange/Assets/Content/gltf/MaterialFunctions/MF_IOR.uexp" 751
"../../../Engine/Plugins/Interchange/Assets/Content/gltf/MaterialFunctions/MF_IOR.uasset" 752
"../../../Engine/Plugins/Interchange/Assets/Content/gltf/MaterialFunctions/MF_Iridescence.uasset" 753
"../../../Engine/Plugins/Interchange/Assets/Content/gltf/MaterialFunctions/MF_Iridescence.uexp" 754
"../../../Engine/Plugins/Interchange/Assets/Content/gltf/Textures/T_White_Linear.uexp" 755
"../../../Engine/Plugins/Interchange/Assets/Content/gltf/Textures/T_White_Linear.uasset" 756
"../../../Engine/Plugins/Interchange/Assets/Content/gltf/MaterialFunctions/MF_MetallicRoughness.uexp" 757
"../../../Engine/Plugins/Interchange/Assets/Content/gltf/MaterialFunctions/MF_MetallicRoughness.uasset" 758
"../../../Engine/Content/Functions/Engine_MaterialFunctions02/Math/Transform3x3Matrix.uasset" 759
"../../../Engine/Content/Functions/Engine_MaterialFunctions02/Math/Transform3x3Matrix.uexp" 760
"../../../Engine/Plugins/Interchange/Assets/Content/gltf/MaterialFunctions/MF_RotateNormals_TS.uexp" 761
"../../../Engine/Plugins/Interchange/Assets/Content/gltf/MaterialFunctions/MF_RotateNormals_TS.uasset" 762
"../../../Engine/Plugins/Interchange/Assets/Content/gltf/MaterialFunctions/MF_ScaleNormal.uasset" 763
"../../../Engine/Plugins/Interchange/Assets/Content/gltf/MaterialFunctions/MF_ScaleNormal.uexp" 764
"../../../Engine/Plugins/Interchange/Assets/Content/gltf/Textures/T_Generic_N.uasset" 765
"../../../Engine/Plugins/Interchange/Assets/Content/gltf/Textures/T_Generic_N.uexp" 766
"../../../Engine/Plugins/Interchange/Assets/Content/gltf/MaterialFunctions/MF_Normals.uasset" 767
"../../../Engine/Plugins/Interchange/Assets/Content/gltf/MaterialFunctions/MF_Normals.uexp" 768
"../../../Engine/Plugins/Interchange/Assets/Content/gltf/MaterialFunctions/MF_Occlusion.uasset" 769
"../../../Engine/Plugins/Interchange/Assets/Content/gltf/MaterialFunctions/MF_Occlusion.uexp" 770
"../../../Engine/Plugins/Interchange/Assets/Content/gltf/MaterialFunctions/MF_RotateV2.uasset" 771
"../../../Engine/Plugins/Interchange/Assets/Content/gltf/MaterialFunctions/MF_RotateV2.uexp" 772
"../../../Engine/Plugins/Interchange/Assets/Content/gltf/MaterialFunctions/MF_Specular.uexp" 773
"../../../Engine/Plugins/Interchange/Assets/Content/gltf/MaterialFunctions/MF_Specular.uasset" 774
"../../../Engine/Plugins/Interchange/Assets/Content/gltf/Textures/T_Anisotropy_Direction_Linear.uasset" 775
"../../../Engine/Plugins/Interchange/Assets/Content/gltf/Textures/T_Anisotropy_Direction_Linear.uexp" 776
"../../../Engine/Plugins/Interchange/Assets/Content/gltf/MaterialFunctions/MF_SpecularAnisotropy.uasset" 777
"../../../Engine/Plugins/Interchange/Assets/Content/gltf/MaterialFunctions/MF_SpecularAnisotropy.uexp" 778
"../../../Engine/Plugins/Interchange/Assets/Content/gltf/MaterialFunctions/MF_TransformUVs.uasset" 779
"../../../Engine/Plugins/Interchange/Assets/Content/gltf/MaterialFunctions/MF_TransformUVs.uexp" 780
"../../../Engine/Plugins/Interchange/Assets/Content/gltf/MaterialBodies/MF_Default_Body.uasset" 781
"../../../Engine/Plugins/Interchange/Assets/Content/gltf/MaterialBodies/MF_Default_Body.uexp" 782
"../../../Engine/Plugins/Interchange/Assets/Content/gltf/M_Default.uasset" 783
"../../../Engine/Plugins/Interchange/Assets/Content/gltf/M_Default.uexp" 784
"../../../Engine/Plugins/Interchange/Assets/Content/gltf/MaterialInstances/MI_Default_Mask.uasset" 785
"../../../Engine/Plugins/Interchange/Assets/Content/gltf/MaterialInstances/MI_Default_Mask.uexp" 786
"../../../Engine/Plugins/Interchange/Assets/Content/gltf/MaterialFunctions/MF_DiffuseSpecGloss.uasset" 787
"../../../Engine/Plugins/Interchange/Assets/Content/gltf/MaterialFunctions/MF_DiffuseSpecGloss.uexp" 788
"../../../Engine/Plugins/Interchange/Assets/Content/gltf/MaterialFunctions/MF_MaxComponentValue.uexp" 789
"../../../Engine/Plugins/Interchange/Assets/Content/gltf/MaterialFunctions/MF_MaxComponentValue.uasset" 790
"../../../Engine/Content/Functions/Engine_MaterialFunctions02/Math/AddComponents.uexp" 791
"../../../Engine/Content/Functions/Engine_MaterialFunctions02/Math/AddComponents.uasset" 792
"../../../Engine/Plugins/Interchange/Assets/Content/gltf/MaterialFunctions/MF_PerceivedBrightness.uasset" 793
"../../../Engine/Plugins/Interchange/Assets/Content/gltf/MaterialFunctions/MF_PerceivedBrightness.uexp" 794
"../../../Engine/Plugins/Interchange/Assets/Content/gltf/MaterialFunctions/MF_SpecGlossToMetalRoughness.uasset" 795
"../../../Engine/Plugins/Interchange/Assets/Content/gltf/MaterialFunctions/MF_SpecGlossToMetalRoughness.uexp" 796
"../../../Engine/Plugins/Interchange/Assets/Content/gltf/MaterialBodies/MF_SpecularGlossiness_Body.uasset" 797
"../../../Engine/Plugins/Interchange/Assets/Content/gltf/MaterialBodies/MF_SpecularGlossiness_Body.uexp" 798
"../../../Engine/Plugins/Interchange/Assets/Content/gltf/M_SpecularGlossiness.uexp" 799
"../../../Engine/Plugins/Interchange/Assets/Content/gltf/M_SpecularGlossiness.uasset" 800
"../../../Engine/Plugins/Interchange/Assets/Content/gltf/MaterialInstances/MI_SpecularGlossiness_Blend_DS.uasset" 801
"../../../Engine/Plugins/Interchange/Assets/Content/gltf/MaterialInstances/MI_SpecularGlossiness_Blend_DS.uexp" 802
"../../../Engine/Plugins/Interchange/Assets/Content/gltf/MaterialFunctions/MF_Sheen.uasset" 803
"../../../Engine/Plugins/Interchange/Assets/Content/gltf/MaterialFunctions/MF_Sheen.uexp" 804
"../../../Engine/Plugins/Interchange/Assets/Content/gltf/MaterialBodies/MF_Sheen_Body.uexp" 805
"../../../Engine/Plugins/Interchange/Assets/Content/gltf/MaterialBodies/MF_Sheen_Body.uasset" 806
"../../../Engine/Plugins/Interchange/Assets/Content/gltf/M_Sheen.uasset" 807
"../../../Engine/Plugins/Interchange/Assets/Content/gltf/M_Sheen.uexp" 808
"../../../Engine/Plugins/Interchange/Assets/Content/gltf/MaterialInstances/MI_Sheen_Blend.uexp" 809
"../../../Engine/Plugins/Interchange/Assets/Content/gltf/MaterialInstances/MI_Sheen_Blend.uasset" 810
"../../../Engine/Content/Functions/Engine_MaterialFunctions01/Texturing/FlattenNormal.uasset" 811
"../../../Engine/Content/Functions/Engine_MaterialFunctions01/Texturing/FlattenNormal.uexp" 812
"../../../Engine/Plugins/Interchange/Assets/Content/gltf/MaterialFunctions/MF_Clearcoat.uexp" 813
"../../../Engine/Plugins/Interchange/Assets/Content/gltf/MaterialFunctions/MF_Clearcoat.uasset" 814
"../../../Engine/Plugins/Interchange/Assets/Content/gltf/MaterialBodies/MF_ClearCoat_Body.uexp" 815
"../../../Engine/Plugins/Interchange/Assets/Content/gltf/MaterialBodies/MF_ClearCoat_Body.uasset" 816
"../../../Engine/Plugins/Interchange/Assets/Content/gltf/M_ClearCoat.uexp" 817
"../../../Engine/Plugins/Interchange/Assets/Content/gltf/M_ClearCoat.uasset" 818
"../../../Engine/Plugins/Interchange/Assets/Content/gltf/MaterialInstances/MI_ClearCoat_Opaque_DS.uexp" 819
"../../../Engine/Plugins/Interchange/Assets/Content/gltf/MaterialInstances/MI_ClearCoat_Opaque_DS.uasset" 820
"../../../Engine/Plugins/Interchange/Assets/Content/gltf/MaterialInstances/MI_SpecularGlossiness_Blend.uasset" 821
"../../../Engine/Plugins/Interchange/Assets/Content/gltf/MaterialInstances/MI_SpecularGlossiness_Blend.uexp" 822
"../../../Engine/Plugins/Interchange/Assets/Content/gltf/MaterialInstances/MI_Default_Blend_DS.uexp" 823
"../../../Engine/Plugins/Interchange/Assets/Content/gltf/MaterialInstances/MI_Default_Blend_DS.uasset" 824
"../../../Engine/Plugins/Interchange/Assets/Content/gltf/MaterialInstances/MI_Default_Opaque.uexp" 825
"../../../Engine/Plugins/Interchange/Assets/Content/gltf/MaterialInstances/MI_Default_Opaque.uasset" 826
"../../../Engine/Plugins/Interchange/Assets/Content/gltf/MaterialInstances/MI_Default_Blend.uasset" 827
"../../../Engine/Plugins/Interchange/Assets/Content/gltf/MaterialInstances/MI_Default_Blend.uexp" 828
"../../../Engine/Plugins/Interchange/Assets/Content/gltf/MaterialInstances/MI_ClearCoat_Blend.uexp" 829
"../../../Engine/Plugins/Interchange/Assets/Content/gltf/MaterialInstances/MI_ClearCoat_Blend.uasset" 830
"../../../Engine/Plugins/Interchange/Assets/Content/gltf/MaterialBodies/MF_Unlit_Body.uasset" 831
"../../../Engine/Plugins/Interchange/Assets/Content/gltf/MaterialBodies/MF_Unlit_Body.uexp" 832
"../../../Engine/Plugins/Interchange/Assets/Content/gltf/M_Unlit.uasset" 833
"../../../Engine/Plugins/Interchange/Assets/Content/gltf/M_Unlit.uexp" 834
"../../../Engine/Plugins/Interchange/Assets/Content/gltf/MaterialInstances/MI_Unlit_Opaque_DS.uexp" 835
"../../../Engine/Plugins/Interchange/Assets/Content/gltf/MaterialInstances/MI_Unlit_Opaque_DS.uasset" 836
"../../../Engine/Plugins/Interchange/Assets/Content/gltf/MaterialInstances/MI_Sheen_Mask_DS.uasset" 837
"../../../Engine/Plugins/Interchange/Assets/Content/gltf/MaterialInstances/MI_Sheen_Mask_DS.uexp" 838
"../../../Engine/Plugins/Interchange/Assets/Content/gltf/MaterialInstances/MI_Sheen_Opaque.uasset" 839
"../../../Engine/Plugins/Interchange/Assets/Content/gltf/MaterialInstances/MI_Sheen_Opaque.uexp" 840
"../../../Engine/Plugins/Interchange/Assets/Content/gltf/MaterialInstances/MI_Default_Mask_DS.uexp" 841
"../../../Engine/Plugins/Interchange/Assets/Content/gltf/MaterialInstances/MI_Default_Mask_DS.uasset" 842
"../../../Engine/Plugins/Interchange/Assets/Content/gltf/MaterialInstances/MI_Default_Opaque_DS.uexp" 843
"../../../Engine/Plugins/Interchange/Assets/Content/gltf/MaterialInstances/MI_Default_Opaque_DS.uasset" 844
"../../../Engine/Plugins/Interchange/Assets/Content/gltf/MaterialInstances/MI_Unlit_Blend.uasset" 845
"../../../Engine/Plugins/Interchange/Assets/Content/gltf/MaterialInstances/MI_Unlit_Blend.uexp" 846
"../../../Engine/Plugins/Interchange/Assets/Content/gltf/MaterialInstances/MI_Sheen_Mask.uexp" 847
"../../../Engine/Plugins/Interchange/Assets/Content/gltf/MaterialInstances/MI_Sheen_Mask.uasset" 848
"../../../Engine/Plugins/Interchange/Assets/Content/gltf/MaterialInstances/MI_Unlit_Mask_DS.uasset" 849
"../../../Engine/Plugins/Interchange/Assets/Content/gltf/MaterialInstances/MI_Unlit_Mask_DS.uexp" 850
"../../../Engine/Plugins/Interchange/Assets/Content/gltf/MaterialInstances/MI_Sheen_Opaque_DS.uasset" 851
"../../../Engine/Plugins/Interchange/Assets/Content/gltf/MaterialInstances/MI_Sheen_Opaque_DS.uexp" 852
"../../../Engine/Plugins/Interchange/Assets/Content/gltf/MaterialInstances/MI_SpecularGlossiness_Mask.uexp" 853
"../../../Engine/Plugins/Interchange/Assets/Content/gltf/MaterialInstances/MI_SpecularGlossiness_Mask.uasset" 854
"../../../Engine/Plugins/Interchange/Assets/Content/gltf/MaterialInstances/MI_ClearCoat_Mask_DS.uexp" 855
"../../../Engine/Plugins/Interchange/Assets/Content/gltf/MaterialInstances/MI_ClearCoat_Mask_DS.uasset" 856
"../../../Engine/Plugins/Interchange/Assets/Content/gltf/MaterialInstances/MI_SpecularGlossiness_Opaque.uasset" 857
"../../../Engine/Plugins/Interchange/Assets/Content/gltf/MaterialInstances/MI_SpecularGlossiness_Opaque.uexp" 858
"../../../Engine/Plugins/Interchange/Assets/Content/gltf/MaterialInstances/MI_Unlit_Blend_DS.uexp" 859
"../../../Engine/Plugins/Interchange/Assets/Content/gltf/MaterialInstances/MI_Unlit_Blend_DS.uasset" 860
"../../../Engine/Plugins/Interchange/Assets/Content/gltf/MaterialInstances/MI_SpecularGlossiness_Opaque_DS.uexp" 861
"../../../Engine/Plugins/Interchange/Assets/Content/gltf/MaterialInstances/MI_SpecularGlossiness_Opaque_DS.uasset" 862
"../../../Engine/Content/EngineMaterials/Good64x64TilingNoiseHighFreq.uasset" 863
"../../../Engine/Content/EngineMaterials/Good64x64TilingNoiseHighFreq.uexp" 864
"../../../Engine/Content/Functions/Engine_MaterialFunctions02/Texturing/ScreenAlignedPixelToPixelUVs.uasset" 865
"../../../Engine/Content/Functions/Engine_MaterialFunctions02/Texturing/ScreenAlignedPixelToPixelUVs.uexp" 866
"../../../Engine/Plugins/Interchange/Assets/Content/gltf/MaterialFunctions/MF_Fresnel_DS.uexp" 867
"../../../Engine/Plugins/Interchange/Assets/Content/gltf/MaterialFunctions/MF_Fresnel_DS.uasset" 868
"../../../Engine/Plugins/Interchange/Assets/Content/gltf/MaterialFunctions/MF_Temporal_Blur.uexp" 869
"../../../Engine/Plugins/Interchange/Assets/Content/gltf/MaterialFunctions/MF_Temporal_Blur.uasset" 870
"../../../Engine/Plugins/Interchange/Assets/Content/gltf/MaterialFunctions/MF_Transmission.uasset" 871
"../../../Engine/Plugins/Interchange/Assets/Content/gltf/MaterialFunctions/MF_Transmission.uexp" 872
"../../../Engine/Plugins/Interchange/Assets/Content/gltf/MaterialBodies/MF_Transmission_Body.uasset" 873
"../../../Engine/Plugins/Interchange/Assets/Content/gltf/MaterialBodies/MF_Transmission_Body.uexp" 874
"../../../Engine/Plugins/Interchange/Assets/Content/gltf/M_Transmission.uasset" 875
"../../../Engine/Plugins/Interchange/Assets/Content/gltf/M_Transmission.uexp" 876
"../../../Engine/Plugins/Interchange/Assets/Content/gltf/MaterialInstances/MI_Transmission_DS.uexp" 877
"../../../Engine/Plugins/Interchange/Assets/Content/gltf/MaterialInstances/MI_Transmission_DS.uasset" 878
"../../../Engine/Plugins/Interchange/Assets/Content/gltf/MaterialInstances/MI_ClearCoat_Opaque.uexp" 879
"../../../Engine/Plugins/Interchange/Assets/Content/gltf/MaterialInstances/MI_ClearCoat_Opaque.uasset" 880
"../../../Engine/Plugins/Interchange/Assets/Content/gltf/MaterialInstances/MI_Unlit_Opaque.uexp" 881
"../../../Engine/Plugins/Interchange/Assets/Content/gltf/MaterialInstances/MI_Unlit_Opaque.uasset" 882
"../../../Engine/Plugins/Interchange/Assets/Content/gltf/MaterialInstances/MI_Unlit_Mask.uasset" 883
"../../../Engine/Plugins/Interchange/Assets/Content/gltf/MaterialInstances/MI_Unlit_Mask.uexp" 884
"../../../Engine/Plugins/Interchange/Assets/Content/gltf/MaterialInstances/MI_SpecularGlossiness_Mask_DS.uexp" 885
"../../../Engine/Plugins/Interchange/Assets/Content/gltf/MaterialInstances/MI_SpecularGlossiness_Mask_DS.uasset" 886
"../../../Engine/Plugins/Interchange/Assets/Content/gltf/MaterialInstances/MI_ClearCoat_Blend_DS.uexp" 887
"../../../Engine/Plugins/Interchange/Assets/Content/gltf/MaterialInstances/MI_ClearCoat_Blend_DS.uasset" 888
"../../../Engine/Plugins/Interchange/Assets/Content/gltf/MaterialInstances/MI_Transmission.uexp" 889
"../../../Engine/Plugins/Interchange/Assets/Content/gltf/MaterialInstances/MI_Transmission.uasset" 890
"../../../Engine/Plugins/Interchange/Assets/Content/gltf/MaterialInstances/MI_ClearCoat_Mask.uexp" 891
"../../../Engine/Plugins/Interchange/Assets/Content/gltf/MaterialInstances/MI_ClearCoat_Mask.uasset" 892
"../../../Engine/Plugins/Interchange/Assets/Content/gltf/MaterialInstances/MI_Sheen_Blend_DS.uexp" 893
"../../../Engine/Plugins/Interchange/Assets/Content/gltf/MaterialInstances/MI_Sheen_Blend_DS.uasset" 894
"../../../Engine/Content/Functions/Engine_MaterialFunctions01/Gradient/LinearGradient.uasset" 895
"../../../Engine/Content/Functions/Engine_MaterialFunctions01/Gradient/LinearGradient.uexp" 896
"../../../Engine/Content/Functions/Engine_MaterialFunctions01/ImageAdjustment/CheapContrast.uasset" 897
"../../../Engine/Content/Functions/Engine_MaterialFunctions01/ImageAdjustment/CheapContrast.uexp" 898
"/Users/doddm/Documents/GitHub/SkyMage/SkyMage/Content/LevelPrototyping/Textures/T_GridChecker_A.uasset" 899
"/Users/doddm/Documents/GitHub/SkyMage/SkyMage/Content/LevelPrototyping/Textures/T_GridChecker_A.uexp" 900
"/Users/doddm/Documents/GitHub/SkyMage/SkyMage/Content/LevelPrototyping/Textures/T_GridChecker_A.ubulk" 901
"/Users/doddm/Documents/GitHub/SkyMage/SkyMage/Content/LevelPrototyping/Materials/MF_ProcGrid.uexp" 902
"/Users/doddm/Documents/GitHub/SkyMage/SkyMage/Content/LevelPrototyping/Materials/MF_ProcGrid.uasset" 903
"/Users/doddm/Documents/GitHub/SkyMage/SkyMage/Content/LevelPrototyping/Materials/M_PrototypeGrid.uexp" 904
"/Users/doddm/Documents/GitHub/SkyMage/SkyMage/Content/LevelPrototyping/Materials/M_PrototypeGrid.uasset" 905
"/Users/doddm/Documents/GitHub/SkyMage/SkyMage/Content/LevelPrototyping/Materials/MI_PrototypeGrid_Gray_02.uexp" 906
"/Users/doddm/Documents/GitHub/SkyMage/SkyMage/Content/LevelPrototyping/Materials/MI_PrototypeGrid_Gray_02.uasset" 907
"/Users/doddm/Documents/GitHub/SkyMage/SkyMage/Content/LevelPrototyping/Meshes/SM_Cylinder.uasset" 908
"/Users/doddm/Documents/GitHub/SkyMage/SkyMage/Content/LevelPrototyping/Meshes/SM_Cylinder.ubulk" 909
"/Users/doddm/Documents/GitHub/SkyMage/SkyMage/Content/LevelPrototyping/Meshes/SM_Cylinder.uexp" 910
"/Users/doddm/Documents/GitHub/SkyMage/SkyMage/Content/LevelPrototyping/Meshes/SM_Ramp.uasset" 911
"/Users/doddm/Documents/GitHub/SkyMage/SkyMage/Content/LevelPrototyping/Meshes/SM_Ramp.uexp" 912
"/Users/doddm/Documents/GitHub/SkyMage/SkyMage/Content/LevelPrototyping/Meshes/SM_Ramp.ubulk" 913
"/Users/doddm/Documents/GitHub/SkyMage/SkyMage/Content/LevelPrototyping/Meshes/SM_QuarterCylinder.uasset" 914
"/Users/doddm/Documents/GitHub/SkyMage/SkyMage/Content/LevelPrototyping/Meshes/SM_QuarterCylinder.uexp" 915
"/Users/doddm/Documents/GitHub/SkyMage/SkyMage/Content/LevelPrototyping/Meshes/SM_QuarterCylinder.ubulk" 916
"/Users/doddm/Documents/GitHub/SkyMage/SkyMage/Content/VFX/NA_Systems/NS_INCVortex.uasset" 917
"/Users/doddm/Documents/GitHub/SkyMage/SkyMage/Content/VFX/NA_Systems/NS_INCVortex.uexp" 918
"../../../Engine/Content/BasicShapes/Cone.uasset" 919
"../../../Engine/Content/BasicShapes/Cone.uexp" 920
"../../../Engine/Content/BasicShapes/Cone.ubulk" 921
"../../../Engine/Content/BasicShapes/Sphere.uexp" 922
"../../../Engine/Content/BasicShapes/Sphere.ubulk" 923
"../../../Engine/Content/BasicShapes/Sphere.uasset" 924
"../../../Engine/Content/Functions/Engine_MaterialFunctions03/Math/WithinRangeFloat2.uexp" 925
"../../../Engine/Content/Functions/Engine_MaterialFunctions03/Math/WithinRangeFloat2.uasset" 926
"../../../Engine/Content/EditorLandscapeResources/SelectBrushMaterial.uexp" 927
"../../../Engine/Content/EditorLandscapeResources/SelectBrushMaterial.uasset" 928
"../../../Engine/Content/EditorLandscapeResources/SelectBrushMaterial_Selected.uexp" 929
"../../../Engine/Content/EditorLandscapeResources/SelectBrushMaterial_Selected.uasset" 930
"../../../Engine/Content/EditorLandscapeResources/SelectBrushMaterial_SelectedRegion.uasset" 931
"../../../Engine/Content/EditorLandscapeResources/SelectBrushMaterial_SelectedRegion.uexp" 932
"../../../Engine/Content/EditorLandscapeResources/ColorMaskBrushMaterial.uexp" 933
"../../../Engine/Content/EditorLandscapeResources/ColorMaskBrushMaterial.uasset" 934
"../../../Engine/Content/EditorLandscapeResources/ColorMaskBrushMaterial_MaskedRegion.uasset" 935
"../../../Engine/Content/EditorLandscapeResources/ColorMaskBrushMaterial_MaskedRegion.uexp" 936
"../../../Engine/Content/EditorLandscapeResources/MaskBrushMaterial.uasset" 937
"../../../Engine/Content/EditorLandscapeResources/MaskBrushMaterial.uexp" 938
"../../../Engine/Content/EditorLandscapeResources/MaskBrushMaterial_MaskedRegion.uexp" 939
"../../../Engine/Content/EditorLandscapeResources/MaskBrushMaterial_MaskedRegion.uasset" 940
"../../../Engine/Content/EditorShellMaterials/MI_BaseFlat.uasset" 941
"../../../Engine/Content/EditorShellMaterials/MI_BaseFlat.uexp" 942
"../../../Engine/Content/EngineResources/WhiteSquareTexture.uexp" 943
"../../../Engine/Content/EngineResources/WhiteSquareTexture.uasset" 944
"../../../Engine/Content/EngineMaterials/Widget3DPassThrough.uexp" 945
"../../../Engine/Content/EngineMaterials/Widget3DPassThrough.uasset" 946
"../../../Engine/Content/EngineMaterials/Widget3DPassThrough_Masked.uasset" 947
"../../../Engine/Content/EngineMaterials/Widget3DPassThrough_Masked.uexp" 948
"../../../Engine/Content/EngineMaterials/Widget3DPassThrough_Translucent.uasset" 949
"../../../Engine/Content/EngineMaterials/Widget3DPassThrough_Translucent.uexp" 950
"../../../Engine/Content/EngineMaterials/Widget3DPassThrough_Translucent_OneSided.uasset" 951
"../../../Engine/Content/EngineMaterials/Widget3DPassThrough_Translucent_OneSided.uexp" 952
"../../../Engine/Content/EngineMaterials/Widget3DPassThrough_Opaque.uasset" 953
"../../../Engine/Content/EngineMaterials/Widget3DPassThrough_Opaque.uexp" 954
"../../../Engine/Content/EngineMaterials/Widget3DPassThrough_Masked_OneSided.uexp" 955
"../../../Engine/Content/EngineMaterials/Widget3DPassThrough_Masked_OneSided.uasset" 956
"../../../Engine/Content/EngineMaterials/Widget3DPassThrough_Opaque_OneSided.uasset" 957
"../../../Engine/Content/EngineMaterials/Widget3DPassThrough_Opaque_OneSided.uexp" 958
"../../../Engine/Content/EngineMaterials/WeightMapPlaceholderTexture.uasset" 959
"../../../Engine/Content/EngineMaterials/WeightMapPlaceholderTexture.uexp" 960
"../../../Engine/Content/EngineMaterials/WeightMapArrayPlaceholderTexture.uasset" 961
"../../../Engine/Content/EngineMaterials/WeightMapArrayPlaceholderTexture.uexp" 962
"../../../Engine/Content/EngineResources/LandscapeVisibilityLayerInfo.uexp" 963
"../../../Engine/Content/EngineResources/LandscapeVisibilityLayerInfo.uasset" 964
"../../../Engine/Content/VREditor/TransformGizmo/StartRotationHandleIndicator.ubulk" 965
"../../../Engine/Content/VREditor/TransformGizmo/StartRotationHandleIndicator.uexp" 966
"../../../Engine/Content/VREditor/TransformGizmo/StartRotationHandleIndicator.uasset" 967
"../../../Engine/Content/VREditor/TransformGizmo/TransformGizmoMaterial_Inst.uexp" 968
"../../../Engine/Content/VREditor/TransformGizmo/TransformGizmoMaterial_Inst.uasset" 969
"../../../Engine/Content/VREditor/TransformGizmo/TranslucentTransformGizmoMaterial_Inst.uexp" 970
"../../../Engine/Content/VREditor/TransformGizmo/TranslucentTransformGizmoMaterial_Inst.uasset" 971
"../../../Engine/Content/Functions/Engine_MaterialFunctions02/SplitComponents.uasset" 972
"../../../Engine/Content/Functions/Engine_MaterialFunctions02/SplitComponents.uexp" 973
"../../../Engine/Content/VREditor/SnapGrid/SnapGridMaterial.uasset" 974
"../../../Engine/Content/VREditor/SnapGrid/SnapGridMaterial.uexp" 975
"../../../Engine/Content/VREditor/SnapGrid/SnapGridPlaneMesh.uexp" 976
"../../../Engine/Content/VREditor/SnapGrid/SnapGridPlaneMesh.ubulk" 977
"../../../Engine/Content/VREditor/SnapGrid/SnapGridPlaneMesh.uasset" 978
"../../../Engine/Content/VREditor/Sounds/UI/Drop_Item_From_ContentBrowser.ubulk" 979
"../../../Engine/Content/VREditor/Sounds/UI/Drop_Item_From_ContentBrowser.uasset" 980
"../../../Engine/Content/VREditor/Sounds/UI/Drop_Item_From_ContentBrowser.uexp" 981
"../../../Engine/Content/VREditor/Sounds/UI/Gizmo_Handle_Clicked.uasset" 982
"../../../Engine/Content/VREditor/Sounds/UI/Gizmo_Handle_Clicked.uexp" 983
"../../../Engine/Content/VREditor/Sounds/UI/Gizmo_Handle_Clicked.ubulk" 984
"../../../Engine/Content/VREditor/Sounds/UI/Object_PickUp.ubulk" 985
"../../../Engine/Content/VREditor/Sounds/UI/Object_PickUp.uexp" 986
"../../../Engine/Content/VREditor/Sounds/UI/Object_PickUp.uasset" 987
"../../../Engine/Content/VREditor/Sounds/UI/Object_Snaps_To_Another_Actor.uasset" 988
"../../../Engine/Content/VREditor/Sounds/UI/Object_Snaps_To_Another_Actor.ubulk" 989
"../../../Engine/Content/VREditor/Sounds/UI/Object_Snaps_To_Another_Actor.uexp" 990
"../../../Engine/Content/VREditor/Sounds/UI/Object_Snaps_To_Grid.ubulk" 991
"../../../Engine/Content/VREditor/Sounds/UI/Object_Snaps_To_Grid.uasset" 992
"../../../Engine/Content/VREditor/Sounds/UI/Object_Snaps_To_Grid.uexp" 993
"../../../Engine/Content/VREditor/Sounds/UI/Scaling_Down.ubulk" 994
"../../../Engine/Content/VREditor/Sounds/UI/Scaling_Down.uexp" 995
"../../../Engine/Content/VREditor/Sounds/UI/Scaling_Down.uasset" 996
"../../../Engine/Content/VREditor/Sounds/UI/Scaling_Up.ubulk" 997
"../../../Engine/Content/VREditor/Sounds/UI/Scaling_Up.uasset" 998
"../../../Engine/Content/VREditor/Sounds/UI/Scaling_Up.uexp" 999
"../../../Engine/Content/VREditor/Sounds/UI/Selection_Changes.ubulk" 1000
"../../../Engine/Content/VREditor/Sounds/UI/Selection_Changes.uasset" 1001
"../../../Engine/Content/VREditor/Sounds/UI/Selection_Changes.uexp" 1002
"../../../Engine/Content/VREditor/TransformGizmo/PlaneTranslationHandle.ubulk" 1003
"../../../Engine/Content/VREditor/TransformGizmo/PlaneTranslationHandle.uasset" 1004
"../../../Engine/Content/VREditor/TransformGizmo/PlaneTranslationHandle.uexp" 1005
"../../../Engine/Content/VREditor/TransformGizmo/RotationHandleFull.uexp" 1006
"../../../Engine/Content/VREditor/TransformGizmo/RotationHandleFull.ubulk" 1007
"../../../Engine/Content/VREditor/TransformGizmo/RotationHandleFull.uasset" 1008
"../../../Engine/Content/VREditor/TransformGizmo/RotationHandleIndicator.uexp" 1009
"../../../Engine/Content/VREditor/TransformGizmo/RotationHandleIndicator.ubulk" 1010
"../../../Engine/Content/VREditor/TransformGizmo/RotationHandleIndicator.uasset" 1011
"../../../Engine/Content/VREditor/TransformGizmo/RotationHandleQuarter.uasset" 1012
"../../../Engine/Content/VREditor/TransformGizmo/RotationHandleQuarter.ubulk" 1013
"../../../Engine/Content/VREditor/TransformGizmo/RotationHandleQuarter.uexp" 1014
"../../../Engine/Content/VREditor/TransformGizmo/TransformGizmoFreeRotation.ubulk" 1015
"../../../Engine/Content/VREditor/TransformGizmo/TransformGizmoFreeRotation.uasset" 1016
"../../../Engine/Content/VREditor/TransformGizmo/TransformGizmoFreeRotation.uexp" 1017
"../../../Engine/Content/VREditor/TransformGizmo/TranslateArrowHandle.ubulk" 1018
"../../../Engine/Content/VREditor/TransformGizmo/TranslateArrowHandle.uasset" 1019
"../../../Engine/Content/VREditor/TransformGizmo/TranslateArrowHandle.uexp" 1020
"../../../Engine/Content/VREditor/TransformGizmo/UniformScaleHandle.ubulk" 1021
"../../../Engine/Content/VREditor/TransformGizmo/UniformScaleHandle.uasset" 1022
"../../../Engine/Content/VREditor/TransformGizmo/UniformScaleHandle.uexp" 1023
"../../../Engine/Plugins/Animation/ControlRig/Content/Controls/ControlRig_RoundedTriangle_1mm.uexp" 1024
"../../../Engine/Plugins/Animation/ControlRig/Content/Controls/ControlRig_RoundedTriangle_1mm.uasset" 1025
"../../../Engine/Plugins/Animation/ControlRig/Content/Controls/ControlRig_RoundedTriangle_1mm.ubulk" 1026
"../../../Engine/Plugins/Animation/ControlRig/Content/Controls/ControlRig_Circle_3mm.ubulk" 1027
"../../../Engine/Plugins/Animation/ControlRig/Content/Controls/ControlRig_Circle_3mm.uasset" 1028
"../../../Engine/Plugins/Animation/ControlRig/Content/Controls/ControlRig_Circle_3mm.uexp" 1029
"../../../Engine/Plugins/Animation/ControlRig/Content/Controls/ControlRig_QuarterCircle_1mm.uexp" 1030
"../../../Engine/Plugins/Animation/ControlRig/Content/Controls/ControlRig_QuarterCircle_1mm.uasset" 1031
"../../../Engine/Plugins/Animation/ControlRig/Content/Controls/ControlRig_QuarterCircle_1mm.ubulk" 1032
"../../../Engine/Plugins/Animation/ControlRig/Content/Controls/ControlRig_Pyramid_1mm.ubulk" 1033
"../../../Engine/Plugins/Animation/ControlRig/Content/Controls/ControlRig_Pyramid_1mm.uasset" 1034
"../../../Engine/Plugins/Animation/ControlRig/Content/Controls/ControlRig_Pyramid_1mm.uexp" 1035
"../../../Engine/Plugins/Animation/ControlRig/Content/Controls/ControlRig_Arrow4_1mm.ubulk" 1036
"../../../Engine/Plugins/Animation/ControlRig/Content/Controls/ControlRig_Arrow4_1mm.uasset" 1037
"../../../Engine/Plugins/Animation/ControlRig/Content/Controls/ControlRig_Arrow4_1mm.uexp" 1038
"../../../Engine/Plugins/Animation/ControlRig/Content/Controls/ControlRig_Square_solid.uexp" 1039
"../../../Engine/Plugins/Animation/ControlRig/Content/Controls/ControlRig_Square_solid.uasset" 1040
"../../../Engine/Plugins/Animation/ControlRig/Content/Controls/ControlRig_Square_solid.ubulk" 1041
"../../../Engine/Plugins/Animation/ControlRig/Content/Controls/ControlRig_Diamond_3mm.ubulk" 1042
"../../../Engine/Plugins/Animation/ControlRig/Content/Controls/ControlRig_Diamond_3mm.uasset" 1043
"../../../Engine/Plugins/Animation/ControlRig/Content/Controls/ControlRig_Diamond_3mm.uexp" 1044
"../../../Engine/Plugins/Animation/ControlRig/Content/Controls/ControlRig_Arrow_3mm.uexp" 1045
"../../../Engine/Plugins/Animation/ControlRig/Content/Controls/ControlRig_Arrow_3mm.uasset" 1046
"../../../Engine/Plugins/Animation/ControlRig/Content/Controls/ControlRig_Arrow_3mm.ubulk" 1047
"../../../Engine/Plugins/Animation/ControlRig/Content/Controls/ControlRig_Hexagon_3mm.uexp" 1048
"../../../Engine/Plugins/Animation/ControlRig/Content/Controls/ControlRig_Hexagon_3mm.uasset" 1049
"../../../Engine/Plugins/Animation/ControlRig/Content/Controls/ControlRig_Hexagon_3mm.ubulk" 1050
"../../../Engine/Plugins/Animation/ControlRig/Content/Controls/ControlRig_Sphere_solid.uexp" 1051
"../../../Engine/Plugins/Animation/ControlRig/Content/Controls/ControlRig_Sphere_solid.uasset" 1052
"../../../Engine/Plugins/Animation/ControlRig/Content/Controls/ControlRig_Sphere_solid.ubulk" 1053
"../../../Engine/Plugins/Animation/ControlRig/Content/Controls/ControlRig_Square_3mm.uexp" 1054
"../../../Engine/Plugins/Animation/ControlRig/Content/Controls/ControlRig_Square_3mm.ubulk" 1055
"../../../Engine/Plugins/Animation/ControlRig/Content/Controls/ControlRig_Square_3mm.uasset" 1056
"../../../Engine/Plugins/Animation/ControlRig/Content/Controls/ControlRig_Star4_3mm.uasset" 1057
"../../../Engine/Plugins/Animation/ControlRig/Content/Controls/ControlRig_Star4_3mm.uexp" 1058
"../../../Engine/Plugins/Animation/ControlRig/Content/Controls/ControlRig_Star4_3mm.ubulk" 1059
"../../../Engine/Plugins/Animation/ControlRig/Content/Controls/ControlRig_RoundedSquare_3mm.uasset" 1060
"../../../Engine/Plugins/Animation/ControlRig/Content/Controls/ControlRig_RoundedSquare_3mm.ubulk" 1061
"../../../Engine/Plugins/Animation/ControlRig/Content/Controls/ControlRig_RoundedSquare_3mm.uexp" 1062
"../../../Engine/Plugins/Animation/ControlRig/Content/Controls/ControlRig_Wedge_1mm.uasset" 1063
"../../../Engine/Plugins/Animation/ControlRig/Content/Controls/ControlRig_Wedge_1mm.ubulk" 1064
"../../../Engine/Plugins/Animation/ControlRig/Content/Controls/ControlRig_Wedge_1mm.uexp" 1065
"../../../Engine/Plugins/Animation/ControlRig/Content/Controls/ControlRig_HalfCircle_3mm.uasset" 1066
"../../../Engine/Plugins/Animation/ControlRig/Content/Controls/ControlRig_HalfCircle_3mm.uexp" 1067
"../../../Engine/Plugins/Animation/ControlRig/Content/Controls/ControlRig_HalfCircle_3mm.ubulk" 1068
"../../../Engine/Plugins/Animation/ControlRig/Content/Controls/ControlRig_RoundedTriangle_solid.ubulk" 1069
"../../../Engine/Plugins/Animation/ControlRig/Content/Controls/ControlRig_RoundedTriangle_solid.uasset" 1070
"../../../Engine/Plugins/Animation/ControlRig/Content/Controls/ControlRig_RoundedTriangle_solid.uexp" 1071
"../../../Engine/Plugins/Animation/ControlRig/Content/Controls/ControlRig_Triangle_1mm.uasset" 1072
"../../../Engine/Plugins/Animation/ControlRig/Content/Controls/ControlRig_Triangle_1mm.uexp" 1073
"../../../Engine/Plugins/Animation/ControlRig/Content/Controls/ControlRig_Triangle_1mm.ubulk" 1074
"../../../Engine/Plugins/Animation/ControlRig/Content/Controls/ControlRig_Sphere_3mm.uasset" 1075
"../../../Engine/Plugins/Animation/ControlRig/Content/Controls/ControlRig_Sphere_3mm.uexp" 1076
"../../../Engine/Plugins/Animation/ControlRig/Content/Controls/ControlRig_Sphere_3mm.ubulk" 1077
"../../../Engine/Plugins/Animation/ControlRig/Content/Controls/ControlRig_Octagon_1mm.uasset" 1078
"../../../Engine/Plugins/Animation/ControlRig/Content/Controls/ControlRig_Octagon_1mm.ubulk" 1079
"../../../Engine/Plugins/Animation/ControlRig/Content/Controls/ControlRig_Octagon_1mm.uexp" 1080
"../../../Engine/Plugins/Animation/ControlRig/Content/Controls/ControlRig_Box_1mm.ubulk" 1081
"../../../Engine/Plugins/Animation/ControlRig/Content/Controls/ControlRig_Box_1mm.uexp" 1082
"../../../Engine/Plugins/Animation/ControlRig/Content/Controls/ControlRig_Box_1mm.uasset" 1083
"../../../Engine/Plugins/Animation/ControlRig/Content/Controls/ControlRig_Arrow2_3mm.uasset" 1084
"../../../Engine/Plugins/Animation/ControlRig/Content/Controls/ControlRig_Arrow2_3mm.ubulk" 1085
"../../../Engine/Plugins/Animation/ControlRig/Content/Controls/ControlRig_Arrow2_3mm.uexp" 1086
"../../../Engine/Plugins/Animation/ControlRig/Content/Controls/ControlRig_Diamond_solid.uexp" 1087
"../../../Engine/Plugins/Animation/ControlRig/Content/Controls/ControlRig_Diamond_solid.ubulk" 1088
"../../../Engine/Plugins/Animation/ControlRig/Content/Controls/ControlRig_Diamond_solid.uasset" 1089
"../../../Engine/Plugins/Animation/ControlRig/Content/Controls/ControlRig_Star4_solid.uasset" 1090
"../../../Engine/Plugins/Animation/ControlRig/Content/Controls/ControlRig_Star4_solid.uexp" 1091
"../../../Engine/Plugins/Animation/ControlRig/Content/Controls/ControlRig_Star4_solid.ubulk" 1092
"../../../Engine/Plugins/Animation/ControlRig/Content/Controls/ControlRig_RoundedSquare_solid.uexp" 1093
"../../../Engine/Plugins/Animation/ControlRig/Content/Controls/ControlRig_RoundedSquare_solid.ubulk" 1094
"../../../Engine/Plugins/Animation/ControlRig/Content/Controls/ControlRig_RoundedSquare_solid.uasset" 1095
"../../../Engine/Plugins/Animation/ControlRig/Content/Controls/ControlRig_Arrow4_solid.uexp" 1096
"../../../Engine/Plugins/Animation/ControlRig/Content/Controls/ControlRig_Arrow4_solid.uasset" 1097
"../../../Engine/Plugins/Animation/ControlRig/Content/Controls/ControlRig_Arrow4_solid.ubulk" 1098
"../../../Engine/Plugins/Animation/ControlRig/Content/Controls/ControlRig_Circle_solid.ubulk" 1099
"../../../Engine/Plugins/Animation/ControlRig/Content/Controls/ControlRig_Circle_solid.uexp" 1100
"../../../Engine/Plugins/Animation/ControlRig/Content/Controls/ControlRig_Circle_solid.uasset" 1101
"../../../Engine/Plugins/Animation/ControlRig/Content/Controls/ControlRig_Square_1mm.ubulk" 1102
"../../../Engine/Plugins/Animation/ControlRig/Content/Controls/ControlRig_Square_1mm.uexp" 1103
"../../../Engine/Plugins/Animation/ControlRig/Content/Controls/ControlRig_Square_1mm.uasset" 1104
"../../../Engine/Plugins/Animation/ControlRig/Content/Controls/ControlRig_Arrow_1mm.uasset" 1105
"../../../Engine/Plugins/Animation/ControlRig/Content/Controls/ControlRig_Arrow_1mm.uexp" 1106
"../../../Engine/Plugins/Animation/ControlRig/Content/Controls/ControlRig_Arrow_1mm.ubulk" 1107
"../../../Engine/Plugins/Animation/ControlRig/Content/Controls/ControlRig_QuarterCircle_solid.uasset" 1108
"../../../Engine/Plugins/Animation/ControlRig/Content/Controls/ControlRig_QuarterCircle_solid.ubulk" 1109
"../../../Engine/Plugins/Animation/ControlRig/Content/Controls/ControlRig_QuarterCircle_solid.uexp" 1110
"../../../Engine/Plugins/Animation/ControlRig/Content/Controls/ControlRig_Hexagon_1mm.uasset" 1111
"../../../Engine/Plugins/Animation/ControlRig/Content/Controls/ControlRig_Hexagon_1mm.uexp" 1112
"../../../Engine/Plugins/Animation/ControlRig/Content/Controls/ControlRig_Hexagon_1mm.ubulk" 1113
"../../../Engine/Plugins/Animation/ControlRig/Content/Controls/ControlRig_Arrow4_3mm.uasset" 1114
"../../../Engine/Plugins/Animation/ControlRig/Content/Controls/ControlRig_Arrow4_3mm.ubulk" 1115
"../../../Engine/Plugins/Animation/ControlRig/Content/Controls/ControlRig_Arrow4_3mm.uexp" 1116
"../../../Engine/Plugins/Animation/ControlRig/Content/Controls/ControlRig_Arrow2_solid.uasset" 1117
"../../../Engine/Plugins/Animation/ControlRig/Content/Controls/ControlRig_Arrow2_solid.uexp" 1118
"../../../Engine/Plugins/Animation/ControlRig/Content/Controls/ControlRig_Arrow2_solid.ubulk" 1119
"../../../Engine/Plugins/Animation/ControlRig/Content/Controls/ControlRig_Diamond_1mm.uasset" 1120
"../../../Engine/Plugins/Animation/ControlRig/Content/Controls/ControlRig_Diamond_1mm.uexp" 1121
"../../../Engine/Plugins/Animation/ControlRig/Content/Controls/ControlRig_Diamond_1mm.ubulk" 1122
"../../../Engine/Plugins/Animation/ControlRig/Content/Controls/ControlRig_Triangle_solid.uasset" 1123
"../../../Engine/Plugins/Animation/ControlRig/Content/Controls/ControlRig_Triangle_solid.ubulk" 1124
"../../../Engine/Plugins/Animation/ControlRig/Content/Controls/ControlRig_Triangle_solid.uexp" 1125
"../../../Engine/Plugins/Animation/ControlRig/Content/Controls/ControlRig_RoundedTriangle_3mm.uasset" 1126
"../../../Engine/Plugins/Animation/ControlRig/Content/Controls/ControlRig_RoundedTriangle_3mm.uexp" 1127
"../../../Engine/Plugins/Animation/ControlRig/Content/Controls/ControlRig_RoundedTriangle_3mm.ubulk" 1128
"../../../Engine/Plugins/Animation/ControlRig/Content/Controls/ControlRig_Circle_1mm.ubulk" 1129
"../../../Engine/Plugins/Animation/ControlRig/Content/Controls/ControlRig_Circle_1mm.uexp" 1130
"../../../Engine/Plugins/Animation/ControlRig/Content/Controls/ControlRig_Circle_1mm.uasset" 1131
"../../../Engine/Plugins/Animation/ControlRig/Content/Controls/ControlRig_QuarterCircle_3mm.ubulk" 1132
"../../../Engine/Plugins/Animation/ControlRig/Content/Controls/ControlRig_QuarterCircle_3mm.uexp" 1133
"../../../Engine/Plugins/Animation/ControlRig/Content/Controls/ControlRig_QuarterCircle_3mm.uasset" 1134
"../../../Engine/Plugins/Animation/ControlRig/Content/Controls/ControlRig_Pyramid_3mm.uasset" 1135
"../../../Engine/Plugins/Animation/ControlRig/Content/Controls/ControlRig_Pyramid_3mm.ubulk" 1136
"../../../Engine/Plugins/Animation/ControlRig/Content/Controls/ControlRig_Pyramid_3mm.uexp" 1137
"../../../Engine/Plugins/Animation/ControlRig/Content/Controls/ControlRig_Sphere_1mm.uasset" 1138
"../../../Engine/Plugins/Animation/ControlRig/Content/Controls/ControlRig_Sphere_1mm.uexp" 1139
"../../../Engine/Plugins/Animation/ControlRig/Content/Controls/ControlRig_Sphere_1mm.ubulk" 1140
"../../../Engine/Plugins/Animation/ControlRig/Content/Controls/ControlRig_Box_3mm.uexp" 1141
"../../../Engine/Plugins/Animation/ControlRig/Content/Controls/ControlRig_Box_3mm.ubulk" 1142
"../../../Engine/Plugins/Animation/ControlRig/Content/Controls/ControlRig_Box_3mm.uasset" 1143
"../../../Engine/Plugins/Animation/ControlRig/Content/Controls/ControlRig_Octagon_3mm.uexp" 1144
"../../../Engine/Plugins/Animation/ControlRig/Content/Controls/ControlRig_Octagon_3mm.ubulk" 1145
"../../../Engine/Plugins/Animation/ControlRig/Content/Controls/ControlRig_Octagon_3mm.uasset" 1146
"../../../Engine/Plugins/Animation/ControlRig/Content/Controls/ControlRig_Arrow2_1mm.uexp" 1147
"../../../Engine/Plugins/Animation/ControlRig/Content/Controls/ControlRig_Arrow2_1mm.ubulk" 1148
"../../../Engine/Plugins/Animation/ControlRig/Content/Controls/ControlRig_Arrow2_1mm.uasset" 1149
"../../../Engine/Plugins/Animation/ControlRig/Content/Controls/ControlRig_HalfCircle_solid.uexp" 1150
"../../../Engine/Plugins/Animation/ControlRig/Content/Controls/ControlRig_HalfCircle_solid.ubulk" 1151
"../../../Engine/Plugins/Animation/ControlRig/Content/Controls/ControlRig_HalfCircle_solid.uasset" 1152
"../../../Engine/Plugins/Animation/ControlRig/Content/Controls/ControlRig_HalfCircle_1mm.ubulk" 1153
"../../../Engine/Plugins/Animation/ControlRig/Content/Controls/ControlRig_HalfCircle_1mm.uexp" 1154
"../../../Engine/Plugins/Animation/ControlRig/Content/Controls/ControlRig_HalfCircle_1mm.uasset" 1155
"../../../Engine/Plugins/Animation/ControlRig/Content/Controls/ControlRig_Wedge_3mm.uasset" 1156
"../../../Engine/Plugins/Animation/ControlRig/Content/Controls/ControlRig_Wedge_3mm.ubulk" 1157
"../../../Engine/Plugins/Animation/ControlRig/Content/Controls/ControlRig_Wedge_3mm.uexp" 1158
"../../../Engine/Plugins/Animation/ControlRig/Content/Controls/ControlRig_Box_solid.uasset" 1159
"../../../Engine/Plugins/Animation/ControlRig/Content/Controls/ControlRig_Box_solid.ubulk" 1160
"../../../Engine/Plugins/Animation/ControlRig/Content/Controls/ControlRig_Box_solid.uexp" 1161
"../../../Engine/Plugins/Animation/ControlRig/Content/Controls/ControlRig_Triangle_3mm.uasset" 1162
"../../../Engine/Plugins/Animation/ControlRig/Content/Controls/ControlRig_Triangle_3mm.uexp" 1163
"../../../Engine/Plugins/Animation/ControlRig/Content/Controls/ControlRig_Triangle_3mm.ubulk" 1164
"../../../Engine/Plugins/Animation/ControlRig/Content/Controls/ControlRig_Arrow_solid.ubulk" 1165
"../../../Engine/Plugins/Animation/ControlRig/Content/Controls/ControlRig_Arrow_solid.uexp" 1166
"../../../Engine/Plugins/Animation/ControlRig/Content/Controls/ControlRig_Arrow_solid.uasset" 1167
"../../../Engine/Plugins/Animation/ControlRig/Content/Controls/ControlRig_Hexagon_solid.ubulk" 1168
"../../../Engine/Plugins/Animation/ControlRig/Content/Controls/ControlRig_Hexagon_solid.uexp" 1169
"../../../Engine/Plugins/Animation/ControlRig/Content/Controls/ControlRig_Hexagon_solid.uasset" 1170
"../../../Engine/Plugins/Animation/ControlRig/Content/Controls/ControlRig_Star4_1mm.ubulk" 1171
"../../../Engine/Plugins/Animation/ControlRig/Content/Controls/ControlRig_Star4_1mm.uexp" 1172
"../../../Engine/Plugins/Animation/ControlRig/Content/Controls/ControlRig_Star4_1mm.uasset" 1173
"../../../Engine/Plugins/Animation/ControlRig/Content/Controls/ControlRig_RoundedSquare_1mm.ubulk" 1174
"../../../Engine/Plugins/Animation/ControlRig/Content/Controls/ControlRig_RoundedSquare_1mm.uexp" 1175
"../../../Engine/Plugins/Animation/ControlRig/Content/Controls/ControlRig_RoundedSquare_1mm.uasset" 1176
"../../../Engine/Plugins/Animation/ControlRig/Content/Controls/ControlRig_Wedge_solid.uexp" 1177
"../../../Engine/Plugins/Animation/ControlRig/Content/Controls/ControlRig_Wedge_solid.ubulk" 1178
"../../../Engine/Plugins/Animation/ControlRig/Content/Controls/ControlRig_Wedge_solid.uasset" 1179
"../../../Engine/Plugins/Animation/ControlRig/Content/Controls/ControlRig_Pyramid_solid.uexp" 1180
"../../../Engine/Plugins/Animation/ControlRig/Content/Controls/ControlRig_Pyramid_solid.ubulk" 1181
"../../../Engine/Plugins/Animation/ControlRig/Content/Controls/ControlRig_Pyramid_solid.uasset" 1182
"../../../Engine/Plugins/Animation/ControlRig/Content/Controls/ControlRig_Octagon_solid.uexp" 1183
"../../../Engine/Plugins/Animation/ControlRig/Content/Controls/ControlRig_Octagon_solid.ubulk" 1184
"../../../Engine/Plugins/Animation/ControlRig/Content/Controls/ControlRig_Octagon_solid.uasset" 1185
"../../../Engine/Plugins/2D/Paper2D/Content/DefaultSpriteMaterial.uexp" 1186
"../../../Engine/Plugins/2D/Paper2D/Content/DefaultSpriteMaterial.uasset" 1187
"../../../Engine/Plugins/2D/Paper2D/Content/OpaqueUnlitSpriteMaterial.uasset" 1188
"../../../Engine/Plugins/2D/Paper2D/Content/OpaqueUnlitSpriteMaterial.uexp" 1189
"../../../Engine/Plugins/2D/Paper2D/Content/MaskedUnlitSpriteMaterial.uexp" 1190
"../../../Engine/Plugins/2D/Paper2D/Content/MaskedUnlitSpriteMaterial.uasset" 1191
"../../../Engine/Plugins/Media/MediaPlate/Content/SM_MediaPlateScreen.ubulk" 1192
"../../../Engine/Plugins/Media/MediaPlate/Content/SM_MediaPlateScreen.uasset" 1193
"../../../Engine/Plugins/Media/MediaPlate/Content/SM_MediaPlateScreen.uexp" 1194
"../../../Engine/Plugins/NNE/NNEDenoiser/Content/NNE_oidn2-3-0_rt_hdr_alb_nrm_small__dyn__fp16_opset11_DenoiseAlpha.uasset" 1195
"../../../Engine/Plugins/NNE/NNEDenoiser/Content/NNE_oidn2-3-0_rt_hdr_alb_nrm_small__dyn__fp16_opset11_DenoiseAlpha.uexp" 1196
"../../../Engine/Plugins/NNE/NNEDenoiser/Content/NNE_oidn2-3-0_rt_hdr_calb_cnrm_large__dyn__fp16_opset11_ForwardAlpha.uasset" 1197
"../../../Engine/Plugins/NNE/NNEDenoiser/Content/NNE_oidn2-3-0_rt_hdr_calb_cnrm_large__dyn__fp16_opset11_ForwardAlpha.uexp" 1198
"../../../Engine/Plugins/NNE/NNEDenoiser/Content/NNE_oidn2-3-0_rt_hdr_alb_nrm__dyn__fp16_opset11_ForwardAlpha.uasset" 1199
"../../../Engine/Plugins/NNE/NNEDenoiser/Content/NNE_oidn2-3-0_rt_hdr_alb_nrm__dyn__fp16_opset11_ForwardAlpha.uexp" 1200
"../../../Engine/Plugins/NNE/NNEDenoiser/Content/NNE_oidn2-3-0_rt_hdr_alb_nrm__dyn__fp16_opset11_DenoiseAlpha.uexp" 1201
"../../../Engine/Plugins/NNE/NNEDenoiser/Content/NNE_oidn2-3-0_rt_hdr_alb_nrm__dyn__fp16_opset11_DenoiseAlpha.uasset" 1202
"../../../Engine/Plugins/NNE/NNEDenoiser/Content/NNE_oidn2-3-0_rt_hdr_alb_nrm_small__dyn__fp16_opset11_ForwardAlpha.uexp" 1203
"../../../Engine/Plugins/NNE/NNEDenoiser/Content/NNE_oidn2-3-0_rt_hdr_alb_nrm_small__dyn__fp16_opset11_ForwardAlpha.uasset" 1204
"../../../Engine/Plugins/NNE/NNEDenoiser/Content/NNE_oidn2-3-0_rt_hdr_calb_cnrm_large__dyn__fp16_opset11_DenoiseAlpha.uexp" 1205
"../../../Engine/Plugins/NNE/NNEDenoiser/Content/NNE_oidn2-3-0_rt_hdr_calb_cnrm_large__dyn__fp16_opset11_DenoiseAlpha.uasset" 1206
"../../../Engine/Plugins/Animation/DeformerGraph/Content/DeformerFunctions/DG_Function_LinearBlendSkin_Morph_Cloth_PositionOnly.uexp" 1207
"../../../Engine/Plugins/Animation/DeformerGraph/Content/DeformerFunctions/DG_Function_LinearBlendSkin_Morph_Cloth_PositionOnly.uasset" 1208
"../../../Engine/Plugins/Animation/DeformerGraph/Content/DeformerFunctions/DG_Function_ComputeNormalsTangents.uexp" 1209
"../../../Engine/Plugins/Animation/DeformerGraph/Content/DeformerFunctions/DG_Function_ComputeNormalsTangents.uasset" 1210
"../../../Engine/Plugins/Animation/DeformerGraph/Content/Deformers/DG_LinearBlendSkin_Morph_Cloth_RecomputeNormals.uasset" 1211
"../../../Engine/Plugins/Animation/DeformerGraph/Content/Deformers/DG_LinearBlendSkin_Morph_Cloth_RecomputeNormals.uexp" 1212
"../../../Engine/Plugins/Animation/DeformerGraph/Content/DeformerFunctions/DG_Function_LinearBlendSkin_Morph_Cloth.uexp" 1213
"../../../Engine/Plugins/Animation/DeformerGraph/Content/DeformerFunctions/DG_Function_LinearBlendSkin_Morph_Cloth.uasset" 1214
"../../../Engine/Plugins/Animation/DeformerGraph/Content/Deformers/DG_LinearBlendSkin_Morph_Cloth.uasset" 1215
"../../../Engine/Plugins/Animation/DeformerGraph/Content/Deformers/DG_LinearBlendSkin_Morph_Cloth.uexp" 1216
"../../../Engine/Plugins/NNE/NNEDenoiser/Content/NNED_Oidn2-3_Fast_Alpha.uasset" 1217
"../../../Engine/Plugins/NNE/NNEDenoiser/Content/NNED_Oidn2-3_Fast_Alpha.uexp" 1218
"../../../Engine/Plugins/NNE/NNEDenoiser/Content/NNEDT_Oidn2-3_Balanced_Alpha.uasset" 1219
"../../../Engine/Plugins/NNE/NNEDenoiser/Content/NNEDT_Oidn2-3_Balanced_Alpha.uexp" 1220
"../../../Engine/Plugins/NNE/NNEDenoiser/Content/NNED_Oidn2-3_HighQuality_Alpha.uasset" 1221
"../../../Engine/Plugins/NNE/NNEDenoiser/Content/NNED_Oidn2-3_HighQuality_Alpha.uexp" 1222
"../../../Engine/Plugins/NNE/NNEDenoiser/Content/NNEDT_Oidn2-3_Balanced.uexp" 1223
"../../../Engine/Plugins/NNE/NNEDenoiser/Content/NNEDT_Oidn2-3_Balanced.uasset" 1224
"../../../Engine/Plugins/NNE/NNEDenoiser/Content/NNED_Oidn2-3_Fast.uasset" 1225
"../../../Engine/Plugins/NNE/NNEDenoiser/Content/NNED_Oidn2-3_Fast.uexp" 1226
"../../../Engine/Plugins/NNE/NNEDenoiser/Content/NNED_Oidn2-3_HighQuality.uasset" 1227
"../../../Engine/Plugins/NNE/NNEDenoiser/Content/NNED_Oidn2-3_HighQuality.uexp" 1228
"../../../Engine/Plugins/NNE/NNEDenoiser/Content/NNED_Oidn2-3_Balanced.uasset" 1229
"../../../Engine/Plugins/NNE/NNEDenoiser/Content/NNED_Oidn2-3_Balanced.uexp" 1230
"../../../Engine/Plugins/NNE/NNEDenoiser/Content/NNED_Oidn2-3_Balanced_Alpha.uexp" 1231
"../../../Engine/Plugins/NNE/NNEDenoiser/Content/NNED_Oidn2-3_Balanced_Alpha.uasset" 1232
"../../../Engine/Content/Maps/Entry_BuiltData.uexp" 1233
"../../../Engine/Content/Maps/Entry_BuiltData.uasset" 1234
"../../../Engine/Content/Maps/Entry.umap" 1235
"../../../Engine/Content/Maps/Entry.uexp" 1236
"../../../Engine/Content/EngineSky/VolumetricClouds/VT_PerlinWorley_Balanced.uexp" 1237
"../../../Engine/Content/EngineSky/VolumetricClouds/VT_PerlinWorley_Balanced.uasset" 1238
"../../../Engine/Content/EngineSky/VolumetricClouds/T_CloudPattern.ubulk" 1239
"../../../Engine/Content/EngineSky/VolumetricClouds/T_CloudPattern.uexp" 1240
"../../../Engine/Content/EngineSky/VolumetricClouds/T_CloudPattern.uasset" 1241
"../../../Engine/Content/Functions/Engine_MaterialFunctions02/Utility/BreakOutFloat4Components.uasset" 1242
"../../../Engine/Content/Functions/Engine_MaterialFunctions02/Utility/BreakOutFloat4Components.uexp" 1243
"../../../Engine/Content/Functions/Engine_MaterialFunctions02/Utility/MakeFloat4.uexp" 1244
"../../../Engine/Content/Functions/Engine_MaterialFunctions02/Utility/MakeFloat4.uasset" 1245
"../../../Engine/Content/EngineResources/DefaultVolumeTexture2D.uexp" 1246
"../../../Engine/Content/EngineResources/DefaultVolumeTexture2D.uasset" 1247
"../../../Engine/Content/EngineResources/DefaultVolumeTexture.uexp" 1248
"../../../Engine/Content/EngineResources/DefaultVolumeTexture.uasset" 1249
"../../../Engine/Content/Functions/Engine_MaterialFunctions01/Units/Km-to-Cm.uasset" 1250
"../../../Engine/Content/Functions/Engine_MaterialFunctions01/Units/Km-to-Cm.uexp" 1251
"../../../Engine/Content/EngineSky/VolumetricClouds/VT_Lightning.uexp" 1252
"../../../Engine/Content/EngineSky/VolumetricClouds/VT_Lightning.uasset" 1253
"../../../Engine/Content/EngineSky/VolumetricClouds/m_SimpleVolumetricCloud.uasset" 1254
"../../../Engine/Content/EngineSky/VolumetricClouds/m_SimpleVolumetricCloud.uexp" 1255
"../../../Engine/Content/EngineSky/VolumetricClouds/T_Profile_08.uasset" 1256
"../../../Engine/Content/EngineSky/VolumetricClouds/T_Profile_08.uexp" 1257
"../../../Engine/Content/EngineSky/VolumetricClouds/T_Profile_08.ubulk" 1258
"../../../Engine/Content/EngineSky/VolumetricClouds/T_CloudMask.uasset" 1259
"../../../Engine/Content/EngineSky/VolumetricClouds/T_CloudMask.uexp" 1260
"../../../Engine/Content/EngineSky/VolumetricClouds/T_CloudMask.ubulk" 1261
"../../../Engine/Content/EngineSky/VolumetricClouds/m_SimpleVolumetricCloud_Inst.uexp" 1262
"../../../Engine/Content/EngineSky/VolumetricClouds/m_SimpleVolumetricCloud_Inst.uasset" 1263
"/Users/doddm/Documents/GitHub/SkyMage/SkyMage/Content/UI/MM_Buttons.uasset" 1264
"/Users/doddm/Documents/GitHub/SkyMage/SkyMage/Content/UI/MM_Buttons.uexp" 1265
"/Users/doddm/Documents/GitHub/SkyMage/SkyMage/Content/UI/LevelSelect.uasset" 1266
"/Users/doddm/Documents/GitHub/SkyMage/SkyMage/Content/UI/LevelSelect.uexp" 1267
"/Users/doddm/Documents/GitHub/SkyMage/SkyMage/Content/UI/MainMenuWidget.uasset" 1268
"/Users/doddm/Documents/GitHub/SkyMage/SkyMage/Content/UI/MainMenuWidget.uexp" 1269
"/Users/doddm/Documents/GitHub/SkyMage/SkyMage/Content/UI/BP_MainMenu.uexp" 1270
"/Users/doddm/Documents/GitHub/SkyMage/SkyMage/Content/UI/BP_MainMenu.uasset" 1271
"../../../Engine/Content/EditorMaterials/GridMaterial.uexp" 1272
"../../../Engine/Content/EditorMaterials/GridMaterial.uasset" 1273
"../../../Engine/Content/EditorMeshes/AssetViewer/Floor_Mesh.uasset" 1274
"../../../Engine/Content/EditorMeshes/AssetViewer/Floor_Mesh.uexp" 1275
"../../../Engine/Content/EditorMeshes/AssetViewer/Floor_Mesh.ubulk" 1276
"/Users/doddm/Documents/GitHub/SkyMage/SkyMage/Content/Levels/MainMenu.uexp" 1277
"/Users/doddm/Documents/GitHub/SkyMage/SkyMage/Content/Levels/MainMenu.umap" 1278
"/Users/doddm/Documents/GitHub/SkyMage/SkyMage/Content/Levels/TestMap.umap" 1279
"/Users/doddm/Documents/GitHub/SkyMage/SkyMage/Content/Levels/TestMap.uexp" 1280
